,DateTime,Open,High,Low,Close,Volume
0,2019-07-26,11.35,11.78,11.12,11.44,1166300
1,2019-07-29,11.29,11.65,10.98,11.2,325000
2,2019-07-30,11.15,11.4,10.99,11.35,513800
3,2019-07-31,11.36,11.415,11.013,11.25,264200
4,2019-08-01,11.3,11.75,11.03,11.39,872400
5,2019-08-02,11.38,11.59,11.16,11.52,174500
6,2019-08-05,11.45,11.5,10.61,10.81,373100
7,2019-08-06,10.82,11.3,10.82,10.99,109900
8,2019-08-07,10.95,11.39,10.565,11.04,272500
9,2019-08-08,11.13,11.4,11.094,11.31,347900
10,2019-08-09,11.03,11.95,11.0,11.75,323900
11,2019-08-12,11.7,11.77,11.22,11.74,542500
12,2019-08-13,11.73,11.95,11.73,11.92,138000
13,2019-08-14,11.91,12.0,11.55,11.87,805300
14,2019-08-15,11.98,11.98,10.7,11.07,361500
15,2019-08-16,10.89,11.47,10.71,11.04,392000
16,2019-08-19,11.47,11.975,11.05,11.21,287600
17,2019-08-20,11.51,11.76,10.0,10.36,485800
18,2019-08-21,10.45,10.46,9.85,10.16,243600
19,2019-08-22,10.09,10.258,9.38,9.44,369900
20,2019-08-23,9.42,9.7,8.56,8.66,318700
21,2019-08-26,8.64,8.71,8.01,8.67,379600
22,2019-08-27,8.61,9.24,8.3,9.15,391800
23,2019-08-28,9.19,10.59,9.08,10.16,506100
24,2019-08-29,10.3,10.5,9.55,10.32,260000
25,2019-08-30,10.26,10.66,10.13,10.56,74900
26,2019-09-03,10.57,11.22,10.553,10.76,402800
27,2019-09-04,10.86,11.0,10.61,10.83,229300
28,2019-09-05,10.93,11.32,10.53,11.01,231700
29,2019-09-06,10.95,11.88,10.91,11.52,191500
30,2019-09-09,11.53,11.53,10.51,10.68,331100
31,2019-09-10,10.65,10.87,10.18,10.34,179100
32,2019-09-11,10.28,10.75,10.09,10.31,218000
33,2019-09-12,10.36,10.55,9.88,10.16,104500
34,2019-09-13,10.18,10.34,10.1,10.26,111000
35,2019-09-16,10.25,10.47,10.16,10.28,162000
36,2019-09-17,10.19,10.7,10.01,10.44,138900
37,2019-09-18,10.51,10.65,10.33,10.46,369700
38,2019-09-19,10.41,10.56,10.33,10.36,356900
39,2019-09-20,10.42,10.56,10.31,10.42,1706100
40,2019-09-23,10.5,11.25,10.45,11.01,248200
41,2019-09-24,11.03,11.78,10.91,11.59,402200
42,2019-09-25,11.66,12.28,11.66,12.03,477400
43,2019-09-26,12.01,12.11,11.59,11.65,389900
44,2019-09-27,11.65,11.65,10.501,10.8,1823200
45,2019-09-30,10.88,10.96,10.61,10.75,313300
46,2019-10-01,10.8,10.8,10.15,10.2,159600
47,2019-10-02,10.11,10.32,9.83,10.05,193200
48,2019-10-03,10.05,10.09,9.78,9.85,262900
49,2019-10-04,9.84,9.928,9.48,9.58,157600
50,2019-10-07,9.7,9.85,9.42,9.78,118000
51,2019-10-08,9.69,9.69,9.45,9.63,92900
52,2019-10-09,9.67,9.67,9.31,9.44,119000
53,2019-10-10,9.42,10.05,9.31,10.0,218100
54,2019-10-11,10.07,10.3,9.92,10.16,222600
55,2019-10-14,10.1,10.22,10.01,10.09,121600
56,2019-10-15,10.17,10.27,9.97,10.04,177400
57,2019-10-16,10.03,10.33,10.03,10.23,179000
58,2019-10-17,10.25,10.68,10.25,10.63,299900
59,2019-10-18,10.6,10.79,10.55,10.7,105700
60,2019-10-21,10.73,11.18,10.69,10.94,158200
61,2019-10-22,10.97,11.14,10.51,10.63,114300
62,2019-10-23,10.6,10.63,10.38,10.51,94300
63,2019-10-24,10.42,10.755,10.15,10.55,191600
64,2019-10-25,10.48,10.91,10.48,10.81,170300
65,2019-10-28,10.95,11.31,10.83,10.97,296300
66,2019-10-29,10.96,11.07,10.79,11.05,146400
67,2019-10-30,11.03,11.12,10.87,10.99,121000
68,2019-10-31,11.48,11.5,10.49,10.62,198800
69,2019-11-01,10.62,11.1,10.57,11.06,333300
70,2019-11-04,11.21,11.57,11.04,11.14,175200
71,2019-11-05,11.12,11.35,10.9,10.94,513400
72,2019-11-06,10.84,10.95,10.2,10.37,105900
73,2019-11-07,10.42,10.48,9.655,9.85,150400
74,2019-11-08,9.83,9.97,9.61,9.68,125200
75,2019-11-11,9.65,10.24,9.62,10.17,323200
76,2019-11-12,10.27,11.07,10.27,10.57,276700
77,2019-11-13,10.51,10.58,9.61,9.89,278300
78,2019-11-14,9.92,10.75,9.82,10.6,245200
79,2019-11-15,10.67,10.8,10.482,10.72,140000
80,2019-11-18,10.8,10.8,10.32,10.62,96200
81,2019-11-19,10.68,10.82,10.45,10.61,149100
82,2019-11-20,10.53,10.66,10.15,10.24,266400
83,2019-11-21,10.22,10.475,10.2,10.39,87700
84,2019-11-22,10.47,10.51,9.97,10.13,143700
85,2019-11-25,10.04,10.28,10.03,10.04,85900
86,2019-11-26,10.01,10.07,9.85,9.97,68500
87,2019-11-27,10.04,10.43,9.95,10.22,209600
88,2019-11-29,10.32,10.55,10.14,10.28,27200
89,2019-12-02,10.24,10.28,9.85,10.02,80800
90,2019-12-03,9.91,9.945,9.74,9.9,83800
91,2019-12-04,9.99,9.99,9.55,9.69,52800
92,2019-12-05,9.68,9.68,9.41,9.52,79800
93,2019-12-06,9.5,9.79,9.47,9.68,70400
94,2019-12-09,9.68,9.68,9.58,9.66,70600
95,2019-12-10,9.59,9.74,9.46,9.59,66300
96,2019-12-11,9.6,9.6,9.2,9.31,92100
97,2019-12-12,9.36,10.01,9.23,9.75,550400
98,2019-12-13,9.78,10.39,9.64,10.28,148400
99,2019-12-16,10.45,10.655,10.13,10.4,185500
100,2019-12-17,10.3,11.22,10.3,11.05,194400
101,2019-12-18,11.1,11.18,10.89,11.06,88700
102,2019-12-19,11.0,11.18,10.85,10.98,90500
103,2019-12-20,10.97,11.98,10.97,11.49,596700
104,2019-12-23,11.49,11.7,11.301,11.42,334000
105,2019-12-24,11.36,11.71,11.07,11.58,105500
106,2019-12-26,11.65,11.74,11.37,11.69,170700
107,2019-12-27,11.79,11.86,11.371,11.63,136900
108,2019-12-30,11.74,12.04,11.7,11.9,401200
109,2019-12-31,12.03,12.464,10.946,11.16,220600
110,2020-01-02,11.27,11.72,11.175,11.29,179000
111,2020-01-03,11.35,11.84,11.348,11.5,214400
112,2020-01-06,11.75,11.819,11.35,11.42,186500
113,2020-01-07,11.44,11.89,11.42,11.52,180500
114,2020-01-08,11.48,11.65,11.45,11.53,165200
115,2020-01-09,11.6,11.635,11.31,11.37,121600
116,2020-01-10,11.43,11.45,11.1,11.18,212600
117,2020-01-13,11.28,11.43,11.23,11.27,85600
118,2020-01-14,11.37,11.41,10.99,11.09,380800
119,2020-01-15,11.16,11.505,11.137,11.39,194200
120,2020-01-16,11.56,11.789,11.43,11.67,200900
121,2020-01-17,11.74,12.4,11.61,12.32,216500
122,2020-01-21,12.3,12.84,12.3,12.71,620000
123,2020-01-22,12.75,12.91,12.5,12.89,808500
124,2020-01-23,12.91,13.4,12.885,13.04,853500
125,2020-01-24,13.15,13.66,13.01,13.15,772100
126,2020-01-27,13.19,13.35,12.85,12.91,134500
127,2020-01-28,13.07,13.33,12.96,13.2,250200
128,2020-01-29,13.25,13.32,13.11,13.31,268400
129,2020-01-30,13.35,13.91,13.27,13.68,1009600
130,2020-01-31,13.74,13.92,13.43,13.58,567400
131,2020-02-03,13.53,13.88,13.31,13.69,579800
132,2020-02-04,13.78,14.18,13.713,14.0,293900
133,2020-02-05,14.02,14.345,13.89,13.97,325700
134,2020-02-06,14.08,14.82,13.98,14.26,578600
135,2020-02-07,14.39,14.5,14.0,14.15,524500
136,2020-02-10,14.14,14.601,14.03,14.2,420300
137,2020-02-11,14.35,15.17,14.34,14.7,356200
138,2020-02-12,15.25,16.3,14.99,16.28,1096300
139,2020-02-13,16.41,16.97,15.756,16.0,417900
140,2020-02-14,16.01,16.28,15.49,16.21,291600
141,2020-02-18,16.19,16.89,16.08,16.24,275000
142,2020-02-19,16.5,18.265,16.5,18.04,696600
143,2020-02-20,18.51,19.33,17.86,19.31,544300
144,2020-02-21,19.04,19.06,17.56,17.86,463100
145,2020-02-24,17.5,18.101,17.41,17.55,692000
146,2020-02-25,18.43,19.765,16.77,17.94,1122200
147,2020-02-26,18.14,18.395,17.419,17.67,452900
148,2020-02-27,17.35,17.75,16.73,16.73,558900
149,2020-02-28,15.71,17.3,15.03,17.3,503700
150,2020-03-02,17.3,20.32,17.3,20.31,884800
151,2020-03-03,20.38,20.49,18.91,19.63,622200
152,2020-03-04,19.66,20.085,19.25,19.7,441000
153,2020-03-05,19.25,20.87,19.2,19.46,316300
154,2020-03-06,18.69,19.01,17.87,18.09,417500
155,2020-03-09,15.09,16.9,15.09,16.82,626000
156,2020-03-10,17.36,18.395,16.4,17.03,510700
157,2020-03-11,16.7,16.72,15.38,15.89,905800
158,2020-03-12,14.5,15.14,11.5,11.5,594600
159,2020-03-13,12.16,12.3,10.21,11.15,641300
160,2020-03-16,10.15,10.49,8.41,9.02,637900
161,2020-03-17,9.23,9.46,8.12,9.33,673500
162,2020-03-18,8.87,8.88,6.12,7.0,694700
163,2020-03-19,7.0,8.21,6.57,7.43,969700
164,2020-03-20,7.82,12.43,7.673,10.17,4998900
165,2020-03-23,10.63,11.17,7.59,10.03,831800
166,2020-03-24,10.51,11.92,10.04,10.9,874900
167,2020-03-25,11.17,12.49,10.21,11.93,705500
168,2020-03-26,11.97,13.6,11.93,12.61,604400
169,2020-03-27,12.04,12.19,10.745,10.91,527200
170,2020-03-30,10.83,10.83,9.82,10.14,691000
171,2020-03-31,10.15,10.4,9.73,10.07,667200
172,2020-04-01,9.52,10.06,9.152,9.8,504300
173,2020-04-02,9.82,10.11,9.45,9.94,547900
174,2020-04-03,9.77,9.92,8.655,9.06,750100
175,2020-04-06,9.51,9.72,9.06,9.45,789600
176,2020-04-07,10.4,10.86,9.95,10.68,758700
177,2020-04-08,10.73,11.33,10.46,11.16,749100
178,2020-04-09,11.21,12.28,11.21,11.76,786100
179,2020-04-13,11.91,12.18,10.51,11.32,659300
180,2020-04-14,11.53,13.405,11.53,12.88,1196200
181,2020-04-15,12.51,12.61,11.125,11.71,995400
182,2020-04-16,12.01,12.15,10.21,10.62,620400
183,2020-04-17,11.12,11.35,10.88,10.99,569800
184,2020-04-20,10.9,11.5,10.581,11.12,427100
185,2020-04-21,10.95,11.07,9.98,10.69,671500
186,2020-04-22,11.07,11.68,10.7,11.58,338400
187,2020-04-23,11.64,12.54,11.599,12.3,459800
188,2020-04-24,12.26,12.5,11.18,11.3,414200
189,2020-04-27,11.39,12.22,11.39,12.09,333600
190,2020-04-28,12.3,12.71,12.15,12.41,337600
191,2020-04-29,12.67,14.25,12.445,13.92,854400
192,2020-04-30,13.7,13.97,12.37,12.6,822900
193,2020-05-01,12.31,12.59,11.18,11.53,649100
194,2020-05-04,11.13,11.69,11.01,11.66,236000
195,2020-05-05,11.87,12.1,11.29,11.33,234800
196,2020-05-06,11.48,11.79,11.0,11.44,356600
197,2020-05-07,11.65,12.71,11.473,12.71,408100
198,2020-05-08,12.99,14.15,12.81,13.94,499700
199,2020-05-11,13.33,13.77,12.81,13.7,380900
200,2020-05-12,13.72,14.89,13.071,13.94,388600
201,2020-05-13,13.78,14.66,12.605,13.13,518800
202,2020-05-14,12.47,14.14,12.3,13.9,530800
203,2020-05-15,13.94,14.5,12.84,14.12,560200
204,2020-05-18,14.87,15.78,14.22,15.75,495600
205,2020-05-19,14.94,15.74,14.85,14.9,521400
206,2020-05-20,14.7,15.39,13.84,14.07,320400
207,2020-05-21,14.03,14.18,13.456,13.57,258300
208,2020-05-22,13.86,13.95,13.52,13.71,313700
209,2020-05-26,14.64,14.9,14.18,14.64,487000
210,2020-05-27,15.0,15.05,13.16,14.48,519900
211,2020-05-28,14.93,15.301,14.29,14.74,368200
212,2020-05-29,14.64,15.28,14.32,15.0,774700
213,2020-06-01,15.19,16.58,14.9,16.44,639400
214,2020-06-02,16.61,16.74,15.37,15.6,278000
215,2020-06-03,15.99,16.98,15.86,16.4,361900
216,2020-06-04,16.34,16.48,15.42,15.68,574800
217,2020-06-05,16.28,16.45,15.55,15.99,434000
218,2020-06-08,16.32,16.7,15.87,16.37,891400
219,2020-06-09,16.03,16.7,15.74,16.38,404300
220,2020-06-10,16.33,16.67,16.005,16.42,515400
221,2020-06-11,15.59,16.0,13.85,13.93,508000
222,2020-06-12,15.0,16.46,14.4,16.36,535200
223,2020-06-15,16.72,18.41,16.42,18.08,817900
224,2020-06-16,18.81,19.03,17.84,17.95,849500
225,2020-06-17,17.91,19.003,17.49,17.79,641900
226,2020-06-18,17.57,19.13,17.47,18.96,642500
227,2020-06-19,19.13,20.09,18.84,19.83,1345400
228,2020-06-22,19.9,20.01,19.12,19.4,713700
229,2020-06-23,19.57,19.85,19.27,19.51,591000
230,2020-06-24,19.18,19.52,18.6,19.21,467300
231,2020-06-25,19.47,19.47,18.82,19.11,408400
232,2020-06-26,19.0,19.11,18.4,18.85,671300
233,2020-06-29,18.02,18.5,15.89,17.55,1030400
234,2020-06-30,17.2,17.24,16.11,17.07,1103700
235,2020-07-01,17.81,18.46,17.01,17.51,2423200
236,2020-07-02,17.93,18.27,17.522,17.58,607800
237,2020-07-06,18.39,19.27,18.22,18.82,914000
238,2020-07-07,18.91,19.79,18.87,18.97,778200
239,2020-07-08,18.62,19.79,18.21,19.26,1053800
240,2020-07-09,19.7,19.789,18.71,19.1,603000
241,2020-07-10,19.31,19.35,18.27,19.03,525000
242,2020-07-13,19.15,19.355,18.52,18.6,957600
243,2020-07-14,18.71,19.69,18.71,19.51,1518200
244,2020-07-15,20.37,20.93,19.34,19.4,1389800
245,2020-07-16,19.18,20.12,17.5,19.72,1202500
246,2020-07-17,19.68,21.0,19.13,20.94,1058700
247,2020-07-20,20.95,22.48,20.36,20.79,1746300
248,2020-07-21,21.26,21.57,20.44,20.51,789600
249,2020-07-22,21.05,22.26,21.01,21.84,1661800
250,2020-07-23,21.84,22.87,21.675,22.0,1212500
251,2020-07-24,21.81,22.59,21.01,22.3,688100
252,2020-07-27,23.22,24.75,23.14,23.75,1467900
253,2020-07-28,23.74,24.6,23.05,23.61,991500
254,2020-07-29,23.6,24.13,23.3,23.74,1120600
255,2020-07-30,24.12,25.55,22.86,24.45,1737500
256,2020-07-31,24.58,25.67,24.09,25.01,892700
257,2020-08-03,25.18,26.36,23.96,25.52,1207800
258,2020-08-04,25.86,26.745,25.65,26.55,1046000
259,2020-08-05,26.44,27.72,25.25,27.5,1298300
260,2020-08-06,27.45,28.7,26.97,27.66,805800
261,2020-08-07,27.25,28.73,27.18,27.73,697100
262,2020-08-10,27.85,29.61,27.82,28.59,1160000
263,2020-08-11,28.83,29.0,25.91,26.86,1622700
264,2020-08-12,26.97,28.039,26.562,26.98,807100
265,2020-08-13,27.17,28.535,27.05,28.2,809300
266,2020-08-14,26.24,26.35,23.9,24.29,7310200
267,2020-08-17,24.98,25.09,23.8,24.4,2366700
268,2020-08-18,25.09,25.15,23.43,24.3,1818200
269,2020-08-19,24.19,25.0,23.98,24.16,1155600
270,2020-08-20,24.08,24.35,23.24,23.35,832900
271,2020-08-21,23.35,24.55,23.07,23.76,957200
272,2020-08-24,24.05,24.25,23.39,23.54,648300
273,2020-08-25,23.5,25.05,23.31,25.04,1146400
274,2020-08-26,24.94,26.11,23.89,24.2,1121200
275,2020-08-27,24.61,25.66,24.3,24.75,1112500
276,2020-08-28,24.77,25.07,24.35,24.54,987900
277,2020-08-31,24.5,24.62,23.13,23.72,1309200
278,2020-09-01,23.58,23.9,23.161,23.7,1287800
279,2020-09-02,24.52,24.74,23.54,23.82,1089200
280,2020-09-03,23.55,23.85,21.91,22.35,1489100
281,2020-09-04,22.12,22.37,18.82,21.44,2434200
282,2020-09-08,21.04,22.4,20.51,22.09,1546000
283,2020-09-09,22.33,24.08,22.33,23.6,2092100
284,2020-09-10,23.57,24.255,23.28,23.45,2193500
285,2020-09-11,23.59,23.93,23.06,23.26,797600
286,2020-09-14,23.7,25.07,23.23,24.98,1109500
287,2020-09-15,25.38,27.0,25.23,26.42,1101100
288,2020-09-16,26.42,27.19,25.93,26.22,839600
289,2020-09-17,25.7,26.23,24.52,24.69,1036900
290,2020-09-18,25.23,26.352,24.86,25.14,4949700
291,2020-09-21,24.5,25.91,24.158,25.85,824000
292,2020-09-22,26.02,26.49,25.26,26.09,778600
293,2020-09-23,26.39,26.9,25.41,25.89,1193700
294,2020-09-24,25.45,26.33,24.37,25.46,1187900
295,2020-09-25,25.52,26.62,25.151,26.52,1626700
296,2020-09-28,27.01,28.29,26.58,26.79,1669000
297,2020-09-29,26.05,26.99,23.46,26.93,3639500
298,2020-09-30,27.42,30.676,27.2,30.41,3949400
299,2020-10-01,30.7,31.26,29.67,30.11,3350600
300,2020-10-02,29.25,33.01,28.0,28.57,4242300
301,2020-10-05,28.93,29.56,28.6,28.73,1687900
302,2020-10-06,29.05,29.42,27.68,28.05,2004100
303,2020-10-07,28.98,30.45,28.87,28.99,2333600
304,2020-10-08,29.75,30.3,27.26,28.02,2000700
305,2020-10-09,28.14,29.54,28.14,29.36,1027600
306,2020-10-12,30.17,30.64,28.02,28.35,2251000
307,2020-10-13,28.39,29.81,28.39,28.44,1655100
308,2020-10-14,29.27,29.91,28.77,29.64,1633900
309,2020-10-15,28.97,30.3,28.07,28.37,2892500
310,2020-10-16,28.67,29.59,27.85,29.0,4944200
311,2020-10-19,29.3,30.91,28.74,29.97,2528200
312,2020-10-20,30.15,32.45,30.15,30.77,3062700
313,2020-10-21,31.09,31.39,26.64,26.74,3209000
314,2020-10-22,26.75,27.2,25.191,26.57,2316600
315,2020-10-23,27.25,27.69,26.11,26.86,1213500
316,2020-10-26,26.23,27.48,25.523,25.93,1063300
317,2020-10-27,26.22,26.9,25.53,26.25,895500
318,2020-10-28,26.0,26.87,25.42,26.54,1748900
319,2020-10-29,26.17,26.25,24.81,25.56,2465900
320,2020-10-30,25.12,25.3,23.65,24.06,1863500
321,2020-11-02,24.25,26.11,24.24,26.02,1719500
322,2020-11-03,26.23,28.74,26.23,28.31,2133200
323,2020-11-04,27.0,28.89,25.83,28.72,2217100
324,2020-11-05,29.72,33.07,29.72,31.93,2740700
325,2020-11-06,32.36,35.95,32.25,33.2,2475500
326,2020-11-09,35.0,36.48,32.01,32.44,2323000
327,2020-11-10,33.02,33.29,30.67,31.51,1768400
328,2020-11-11,32.11,34.98,32.11,33.27,1764900
329,2020-11-12,33.78,34.78,32.17,32.37,1921900
330,2020-11-13,33.145,33.24,31.83,32.66,912000
331,2020-11-16,32.61,34.36,32.38,34.1,1316800
332,2020-11-17,34.11,35.5,33.5,35.14,1128100
333,2020-11-18,35.64,36.2,32.84,32.9,1822600
334,2020-11-19,33.13,33.925,31.61,31.98,1709400
335,2020-11-20,32.22,35.24,31.79,34.78,1716300
336,2020-11-23,35.32,38.56,35.32,38.21,2579100
337,2020-11-24,39.85,41.51,38.59,39.79,2798000
338,2020-11-25,39.83,42.66,39.01,42.56,1865800
339,2020-11-27,43.19,45.31,42.665,45.0,1987400
340,2020-11-30,45.47,46.0,39.86,40.51,2707600
341,2020-12-01,39.79,42.91,38.9,40.11,6013600
342,2020-12-02,39.23,40.085,36.82,38.62,2105600
343,2020-12-03,39.39,40.035,38.13,38.91,1950500
344,2020-12-04,39.45,40.74,38.57,39.28,1296800
345,2020-12-07,39.42,39.5,37.82,38.72,1069300
346,2020-12-08,38.55,40.085,38.37,39.55,1263000
347,2020-12-09,40.59,41.2,36.81,38.48,1954500
348,2020-12-10,38.01,39.655,36.5,39.44,1265700
349,2020-12-11,39.5,40.11,38.58,39.31,1003900
350,2020-12-14,39.78,40.14,38.56,38.59,842400
351,2020-12-15,39.53,44.0,39.25,42.97,2640500
352,2020-12-16,42.99,43.15,39.15,40.96,3234900
353,2020-12-17,41.75,42.46,39.94,41.8,2031500
354,2020-12-18,41.99,44.61,41.44,42.35,4281900
355,2020-12-21,41.25,46.43,40.76,46.08,2127400
356,2020-12-22,46.64,48.74,45.05,46.95,2605100
357,2020-12-23,47.57,48.73,45.803,47.0,1543700
358,2020-12-24,46.6,46.96,44.53,45.8,742700
359,2020-12-28,48.0,48.84,43.65,43.92,2029600
360,2020-12-29,44.13,44.36,41.13,41.83,1385900
361,2020-12-30,42.35,45.035,42.1,44.26,2261800
362,2020-12-31,43.94,46.11,43.5,45.13,1199400
363,2021-01-04,47.47,49.34,44.158,45.04,2329600
364,2021-01-05,45.59,46.9,44.65,46.23,1980400
365,2021-01-06,50.0,52.19,47.66,50.31,4264500
366,2021-01-07,54.41,57.7,51.89,52.63,2865600
367,2021-01-08,53.48,54.99,51.4,52.36,1975100
368,2021-01-11,50.76,53.74,49.6,51.81,1313500
369,2021-01-12,51.51,53.252,48.15,50.25,2503200
370,2021-01-13,51.13,51.97,48.76,50.78,2139400
371,2021-01-14,51.11,52.464,49.43,49.59,1612500
372,2021-01-15,49.06,50.13,46.52,47.48,2163800
373,2021-01-19,48.85,49.99,46.54,49.33,2162100
374,2021-01-20,50.19,53.98,49.76,50.04,2430800
375,2021-01-21,50.64,54.17,48.61,54.12,1908600
376,2021-01-22,52.3,54.27,51.5,53.89,1526000
377,2021-01-25,54.0,55.18,48.8,49.81,1893300
378,2021-01-26,50.51,50.85,47.6,47.85,1843300
379,2021-01-27,43.55,46.61,40.4,41.91,4735400
380,2021-01-28,42.5,46.475,41.711,45.43,2783800
381,2021-01-29,45.28,46.82,42.88,43.85,2149200
382,2021-02-01,44.57,45.125,42.19,44.93,1962000
383,2021-02-02,45.89,46.59,44.134,45.52,1889800
384,2021-02-03,45.86,46.98,44.5,46.11,1493200
385,2021-02-04,45.29,46.84,43.85,46.75,1804900
386,2021-02-05,47.08,49.94,45.58,49.45,2267500
387,2021-02-08,49.69,53.21,49.12,50.98,1774400
388,2021-02-09,51.21,54.05,50.63,53.44,1814700
389,2021-02-10,54.59,55.55,51.7,52.2,1735100
390,2021-02-11,52.61,53.03,50.531,51.69,1268600
391,2021-02-12,51.12,52.6,50.11,50.97,1340600
392,2021-02-16,51.87,52.25,46.92,49.1,1649400
393,2021-02-17,49.42,50.34,46.62,49.64,2606100
394,2021-02-18,48.39,49.47,43.57,46.6,3370500
395,2021-02-19,48.38,48.92,45.79,45.98,2180100
396,2021-02-22,44.71,45.33,41.37,41.6,3351600
397,2021-02-23,39.39,43.66,36.4,42.62,3392600
398,2021-02-24,42.89,46.34,42.683,46.06,3263300
399,2021-02-25,44.0,46.75,40.17,41.84,3932700
400,2021-02-26,45.4,47.1,42.16,44.84,3592000
401,2021-03-01,46.12,48.21,44.76,47.92,1826200
402,2021-03-02,47.68,48.36,43.501,43.67,1880200
403,2021-03-03,44.2,44.61,38.22,38.72,2971700
404,2021-03-04,38.27,40.56,36.42,37.88,3160400
405,2021-03-05,38.7,38.74,31.39,36.69,4602900
406,2021-03-08,35.98,38.18,34.12,35.01,2350400
407,2021-03-09,37.41,39.76,36.55,39.31,2908000
408,2021-03-10,41.16,41.82,36.73,37.29,2895300
409,2021-03-11,39.19,43.45,38.83,42.87,3155200
410,2021-03-12,41.02,43.35,40.46,42.51,1425300
411,2021-03-15,41.62,42.92,40.42,40.65,1877500
412,2021-03-16,38.79,40.038,37.79,38.64,1936200
413,2021-03-17,37.17,38.5,36.06,36.99,3135900
414,2021-03-18,36.34,37.29,33.24,33.87,3613400
415,2021-03-19,34.01,36.72,33.655,35.53,3997200
416,2021-03-22,36.3,37.8,35.21,36.82,2453100
417,2021-03-23,36.73,37.63,35.18,35.68,1984400
418,2021-03-24,35.88,36.41,33.69,34.0,2683400
419,2021-03-25,32.73,34.2,31.03,34.11,3266300
420,2021-03-26,34.5,35.99,33.82,35.88,2079000
421,2021-03-29,35.34,35.54,32.25,32.49,1761500
422,2021-03-30,32.74,37.19,32.5,37.08,1902600
423,2021-03-31,38.82,41.91,38.53,40.82,3847800
424,2021-04-01,41.9,43.7,40.84,41.06,3064500
425,2021-04-05,42.2,42.365,36.36,36.86,3049400
426,2021-04-06,37.21,39.3,37.08,37.38,1526100
427,2021-04-07,37.13,37.37,34.85,35.65,1573000
428,2021-04-08,36.08,37.03,34.82,35.82,1911700
429,2021-04-09,35.26,36.24,34.09,35.46,1567500
430,2021-04-12,35.27,35.91,32.945,35.91,2665800
431,2021-04-13,36.01,37.41,34.55,37.29,2224100
432,2021-04-14,37.48,38.77,36.5,36.85,1941100
433,2021-04-15,37.46,37.89,34.45,36.34,2099500
434,2021-04-16,36.67,38.54,36.45,38.3,6831700
435,2021-04-19,37.53,37.71,34.09,34.96,2481600
436,2021-04-20,35.5,36.5,34.43,34.77,2490500
437,2021-04-21,34.45,37.69,33.58,37.63,1728800
438,2021-04-22,39.06,40.61,38.46,39.3,1930000
439,2021-04-23,39.65,40.66,38.96,39.91,1849300
440,2021-04-26,40.69,41.4,38.9,40.96,1348700
441,2021-04-27,40.63,41.7,40.21,40.46,1247400
442,2021-04-28,39.17,40.4,38.58,38.93,1951100
443,2021-04-29,39.1,40.0,35.59,37.25,2456500
444,2021-04-30,36.0,36.507,34.82,35.32,1952700
445,2021-05-03,35.81,36.47,34.67,34.8,1263200
446,2021-05-04,34.43,34.43,31.16,31.69,2769000
447,2021-05-05,31.89,32.52,30.28,31.11,2043000
448,2021-05-06,31.32,32.33,30.35,31.34,2939500
449,2021-05-07,32.57,34.04,31.575,31.82,1798500
450,2021-05-10,30.84,31.49,27.13,27.69,3895600
451,2021-05-11,25.07,29.63,25.0,28.66,2444600
452,2021-05-12,27.41,28.34,25.82,25.96,2825200
453,2021-05-13,26.79,27.265,25.63,26.8,2057000
454,2021-05-14,27.405,28.91,27.38,28.75,1637200
455,2021-05-17,25.71,26.81,24.63,26.6,6677300
456,2021-05-18,26.43,27.39,25.77,26.53,4908600
457,2021-05-19,25.75,27.91,25.51,27.87,4256700
458,2021-05-20,28.01,29.5,27.92,29.06,3388600
459,2021-05-21,29.43,30.023,28.27,28.93,2003300
460,2021-05-24,28.98,29.78,28.06,28.41,1745900
461,2021-05-25,28.85,28.98,27.33,27.87,2904800
462,2021-05-26,28.19,29.36,28.15,28.95,1485400
463,2021-05-27,29.21,29.21,28.12,29.12,2138300
464,2021-05-28,29.61,30.9,29.01,29.2,1607400
465,2021-06-01,29.39,30.1,27.93,28.69,1281800
466,2021-06-02,28.77,29.28,28.05,28.27,1555100
467,2021-06-03,28.34,28.48,27.16,27.81,2170600
468,2021-06-04,28.07,29.4,28.04,28.45,1136700
469,2021-06-07,28.17,29.45,27.6,29.15,1386400
470,2021-06-08,29.74,30.99,29.21,30.62,1697500
471,2021-06-09,30.74,31.63,30.05,30.17,1955000
472,2021-06-10,30.21,31.77,29.09,31.74,1712200
473,2021-06-11,32.08,32.98,31.29,31.81,2024700
474,2021-06-14,32.37,33.04,31.54,32.14,1606400
475,2021-06-15,32.19,32.47,30.769,32.01,1957000
476,2021-06-16,32.09,34.46,31.53,33.27,3632700
477,2021-06-17,33.0,35.81,32.97,35.54,3270300
478,2021-06-18,35.19,36.34,34.03,34.38,2787900
479,2021-06-21,34.09,34.78,32.71,34.2,2704100
480,2021-06-22,33.79,35.41,33.36,35.39,2075700
481,2021-06-23,35.5,38.12,35.14,37.67,3708300
482,2021-06-24,38.2,38.2,35.08,35.31,3834700
483,2021-06-25,36.47,37.015,35.41,35.95,6019900
484,2021-06-28,36.26,39.28,36.24,39.15,4732800
485,2021-06-29,39.15,39.83,37.79,37.81,2595600
486,2021-06-30,37.75,37.92,36.72,37.66,2031600
487,2021-07-01,37.83,37.98,36.38,37.6,2046500
488,2021-07-02,38.0,39.158,37.355,38.32,2136200
489,2021-07-06,38.19,39.99,37.42,39.18,2352700
490,2021-07-07,41.0,41.73,37.32,37.68,4014200
491,2021-07-08,36.0,37.31,34.33,35.95,4788100
492,2021-07-09,36.61,36.67,35.17,36.43,1865100
493,2021-07-12,36.72,37.81,36.03,37.65,1452200
494,2021-07-13,37.28,38.05,36.2,37.24,1843300
495,2021-07-14,37.62,37.9,34.01,34.43,2244700
496,2021-07-15,34.01,35.39,33.07,33.6,1994600
497,2021-07-16,33.78,34.27,32.91,33.24,1221800
498,2021-07-19,32.5,34.06,31.26,33.65,2094300
499,2021-07-20,34.385,35.67,32.9,35.02,1951700
500,2021-07-21,35.34,36.54,35.34,36.4,1559700
501,2021-07-22,36.59,36.96,34.91,35.55,1405900
502,2021-07-23,35.41,35.53,33.65,34.82,1018500
503,2021-07-26,34.615,35.307,32.49,33.79,1784300
504,2021-07-27,33.86,34.08,31.99,33.96,1308600
505,2021-07-28,34.1,36.35,33.3,35.55,2447000
506,2021-07-29,36.475,38.25,36.1,36.72,2772100
507,2021-07-30,36.48,39.08,35.64,38.1,2120800
508,2021-08-02,38.26,38.28,36.155,36.2,2148100
509,2021-08-03,36.34,37.825,36.3,37.75,1786200
510,2021-08-04,37.7,38.17,36.72,37.32,1032200
511,2021-08-05,37.12,38.06,36.6,37.01,821300
512,2021-08-06,36.5,37.25,35.38,35.99,975500
513,2021-08-09,36.24,38.425,36.09,37.94,1352600
514,2021-08-10,38.04,39.14,37.3,37.51,1475800
515,2021-08-11,37.34,37.52,35.29,36.62,1264900
516,2021-08-12,36.21,36.99,35.7,36.94,1051100
517,2021-08-13,36.8,37.0,33.97,34.02,1532800
518,2021-08-16,33.92,34.96,32.92,33.47,2059500
519,2021-08-17,33.0,33.0,30.6,31.83,2740200
520,2021-08-18,32.0,33.09,31.48,32.35,1365800
521,2021-08-19,31.8,32.59,31.2,31.97,1650300
522,2021-08-20,31.76,32.72,31.76,32.44,1371700
523,2021-08-23,32.62,34.665,32.57,34.46,1241500
524,2021-08-24,34.99,35.655,33.9,34.44,1896900
525,2021-08-25,34.22,36.16,33.96,35.32,1156400
526,2021-08-26,35.02,36.15,34.53,34.79,793500
527,2021-08-27,34.91,36.6,34.81,35.88,1290500
528,2021-08-30,36.52,37.22,35.75,36.56,1038100
529,2021-08-31,36.9,36.9,35.14,36.2,1525600
530,2021-09-01,37.2,37.781,36.74,36.88,1461800
531,2021-09-02,37.43,37.91,36.74,37.18,1021200
532,2021-09-03,37.02,37.43,35.46,35.57,1142200
533,2021-09-07,35.16,36.23,34.87,35.71,1554100
534,2021-09-08,36.8,37.47,35.01,35.44,1525400
535,2021-09-09,35.34,35.859,34.75,35.0,1621100
536,2021-09-10,35.65,36.338,35.11,35.2,1492100
537,2021-09-13,35.36,37.23,33.79,36.53,2147100
538,2021-09-14,36.54,37.34,35.37,35.85,1497800
539,2021-09-15,35.4,35.59,33.52,35.17,3793100
540,2021-09-16,34.72,35.44,34.52,34.83,1035000
541,2021-09-17,35.17,35.74,34.71,35.32,2952700
542,2021-09-20,34.25,34.82,32.63,33.22,1935000
543,2021-09-21,33.625,34.11,32.52,33.3,1788500
544,2021-09-22,33.26,34.89,33.0,34.05,1042700
545,2021-09-23,34.7,35.1,33.67,33.87,1074800
546,2021-09-24,33.53,33.95,32.84,32.9,1514700
547,2021-09-27,32.75,34.62,32.15,34.2,1571100
548,2021-09-28,34.14,34.2,33.01,33.09,1418000
549,2021-09-29,33.6,33.745,31.44,31.9,2075600
550,2021-09-30,32.12,34.05,31.98,32.94,2230200
551,2021-10-01,33.3,34.21,33.03,33.1,1377800
552,2021-10-04,32.85,33.06,30.73,31.11,1732900
553,2021-10-05,31.35,32.03,31.08,31.7,794400
554,2021-10-06,31.0,32.78,30.22,32.19,1609200
555,2021-10-07,32.48,34.84,32.48,34.38,2167200
556,2021-10-08,34.65,34.94,33.34,33.85,1118200
557,2021-10-11,34.44,36.12,34.17,35.96,1816400
558,2021-10-12,36.09,38.33,36.09,38.23,2370700
559,2021-10-13,38.8,39.56,37.84,39.52,1965100
560,2021-10-14,39.95,39.98,38.1,38.4,1739000
561,2021-10-15,39.23,39.74,37.761,38.1,3742300
562,2021-10-18,37.54,38.569,37.43,38.35,1072900
563,2021-10-19,39.2,41.55,38.9,40.41,2802800
564,2021-10-20,40.25,41.4,39.47,39.59,1906900
565,2021-10-21,39.67,40.45,39.291,39.9,1493000
566,2021-10-22,39.59,40.2,38.06,38.84,1655100
567,2021-10-25,39.21,40.59,39.0,40.34,1497600
568,2021-10-26,40.78,40.99,39.025,39.17,1482100
569,2021-10-27,41.42,43.82,40.72,42.46,4412100
570,2021-10-28,40.86,46.4,40.78,44.39,4042600
571,2021-10-29,44.91,45.69,43.49,44.56,2315400
572,2021-11-01,44.8,45.82,43.58,44.03,2566800
573,2021-11-02,41.67,42.43,40.895,41.33,4527300
574,2021-11-03,40.83,42.02,40.11,41.98,2330000
575,2021-11-04,42.14,43.44,41.31,43.17,1550500
576,2021-11-05,43.37,44.0,40.8,42.0,1874500
577,2021-11-08,42.57,43.33,42.05,42.72,1157900
578,2021-11-09,42.89,43.18,41.19,42.37,1555800
579,2021-11-10,42.03,42.61,40.2,40.82,1520100
580,2021-11-11,41.75,45.1,41.0,44.63,3359000
581,2021-11-12,44.12,44.72,41.595,42.86,3358000
582,2021-11-15,43.51,43.55,40.865,41.91,1443900
583,2021-11-16,41.44,41.76,40.22,40.93,1587300
584,2021-11-17,40.61,41.03,39.85,40.27,896200
585,2021-11-18,40.33,40.715,38.283,38.89,1248400
586,2021-11-19,38.61,41.62,38.61,41.08,2012100
587,2021-11-22,41.65,42.462,39.79,40.07,2006900
588,2021-11-23,39.68,40.185,37.96,38.88,1541500
589,2021-11-24,38.5,39.235,37.4,38.13,1209500
590,2021-11-26,36.9,37.55,35.48,36.55,1411200
591,2021-11-29,37.57,38.23,36.12,37.61,1253500
592,2021-11-30,37.2,37.78,35.51,36.97,2822800
593,2021-12-01,37.93,38.56,35.09,35.12,1875300
594,2021-12-02,34.705,36.67,34.34,34.7,2350100
595,2021-12-03,34.79,34.818,31.3,32.71,3652600
596,2021-12-06,32.9,33.71,31.13,32.84,1839500
597,2021-12-07,34.07,35.4,33.46,33.75,1763200
598,2021-12-08,33.66,33.805,32.89,32.99,2133800
599,2021-12-09,32.92,33.5,31.68,32.0,1763400
600,2021-12-10,32.45,33.36,31.928,32.91,1573900
601,2021-12-13,33.1,34.26,32.21,32.49,2695100
602,2021-12-14,31.53,31.7,28.06,29.0,5298400
603,2021-12-15,28.75,30.91,28.18,30.62,3601500
604,2021-12-16,30.59,31.29,27.18,27.47,3863100
605,2021-12-17,27.04,28.7,26.29,27.85,4452800
606,2021-12-20,25.66,27.35,25.04,25.19,3718600
607,2021-12-21,25.71,27.17,25.57,27.07,2234800
608,2021-12-22,26.69,27.255,25.74,26.37,2671700
609,2021-12-23,26.74,27.04,25.66,26.8,1965000
610,2021-12-27,27.24,27.32,26.07,26.29,1066800
611,2021-12-28,26.32,26.92,25.7,26.04,1031800
612,2021-12-29,26.72,27.35,25.85,27.05,2445400
613,2021-12-30,27.08,28.095,26.631,27.48,1731200
614,2021-12-31,27.64,28.41,27.2,27.92,1476700
615,2022-01-03,28.35,29.25,27.82,28.75,2740600
616,2022-01-04,28.89,29.08,26.15,26.7,3645600
617,2022-01-05,26.495,26.495,23.71,23.9,3599100
618,2022-01-06,24.01,24.22,22.07,23.82,4319400
619,2022-01-07,23.85,25.042,23.41,23.99,1944800
620,2022-01-10,23.29,23.92,22.31,23.88,2989300
621,2022-01-11,24.14,25.45,23.84,24.47,3112500
622,2022-01-12,24.93,25.5,24.42,24.61,2427900
623,2022-01-13,25.26,26.22,24.04,24.05,2160900
624,2022-01-14,23.62,24.39,22.89,23.59,2292700
625,2022-01-18,22.83,23.57,22.4,22.49,2860100
626,2022-01-19,22.41,23.05,21.51,21.55,2926800
627,2022-01-20,22.05,23.54,22.01,22.13,3077000
628,2022-01-21,21.81,22.01,19.91,20.29,3937100
629,2022-01-24,19.41,21.53,18.0,21.51,4180400
630,2022-01-25,20.58,21.33,19.61,20.4,4026500
631,2022-01-26,21.15,21.85,18.7,18.86,4935800
632,2022-01-27,19.21,19.6,17.61,17.74,3367500
633,2022-01-28,17.6,18.21,16.76,18.19,6048300
634,2022-01-31,18.25,19.66,18.12,19.66,5190700
635,2022-02-01,19.89,20.35,18.84,20.02,3016900
636,2022-02-02,20.45,20.75,18.961,19.03,2638600
637,2022-02-03,18.37,18.85,17.01,17.18,5162600
638,2022-02-04,17.37,18.889,16.8,18.67,4146100
639,2022-02-07,18.86,19.17,17.37,17.4,2615600
640,2022-02-08,17.15,18.04,17.132,17.98,3961900
641,2022-02-09,19.92,20.45,18.81,19.2,3631200
642,2022-02-10,18.54,20.09,18.3,18.47,2837600
643,2022-02-11,18.475,18.67,17.02,17.27,3371400
644,2022-02-14,17.24,17.73,16.82,17.14,2220500
645,2022-02-15,17.91,18.58,17.305,18.48,2228500
646,2022-02-16,18.06,18.28,17.46,18.15,1392100
647,2022-02-17,18.0,18.29,17.09,17.12,1971700
648,2022-02-18,17.01,17.07,15.8,15.87,2952400
649,2022-02-22,15.59,16.06,15.025,15.17,2225700
650,2022-02-23,15.25,15.77,14.81,14.96,2448400
651,2022-02-24,14.02,18.23,13.9,18.03,4489800
652,2022-02-25,17.93,18.26,17.18,18.26,2410200
653,2022-02-28,19.57,20.64,18.92,20.15,3995300
654,2022-03-01,20.47,21.0,19.82,20.55,2917900
655,2022-03-02,20.21,20.43,19.0,19.9,2129300
656,2022-03-03,20.08,20.35,18.85,18.97,1838500
657,2022-03-04,19.22,19.79,17.875,18.57,2948100
658,2022-03-07,19.59,21.65,19.2,20.98,5177800
659,2022-03-08,21.9,24.86,21.75,24.29,6216300
660,2022-03-09,23.75,24.9,23.07,24.64,4074400
661,2022-03-10,24.02,24.58,23.06,24.41,2169100
662,2022-03-11,24.46,25.35,22.94,23.15,2232900
663,2022-03-14,22.494,22.5,21.26,22.23,2736200
664,2022-03-15,22.25,22.977,21.01,22.69,3681100
665,2022-03-16,23.0,23.98,22.54,23.81,3038300
666,2022-03-17,23.55,24.93,23.25,24.74,2370200
667,2022-03-18,24.38,25.23,24.25,24.7,2727100
668,2022-03-21,24.35,25.035,23.8,24.73,1682400
669,2022-03-22,24.9,25.92,24.74,25.63,2501800
670,2022-03-23,25.05,26.52,24.54,25.56,1965800
671,2022-03-24,25.56,26.05,24.85,25.72,1458600
672,2022-03-25,25.78,25.78,24.17,24.76,1582900
673,2022-03-28,24.76,25.62,23.97,24.64,1842500
674,2022-03-29,25.0,26.35,24.76,25.93,1956700
675,2022-03-30,25.76,25.76,23.69,23.93,2603200
676,2022-03-31,23.75,24.4,23.0,23.06,2294000
677,2022-04-01,23.2,24.61,23.145,23.85,2032400
678,2022-04-04,24.22,25.586,23.899,25.46,1960100
679,2022-04-05,25.75,26.18,23.8,24.32,2251800
680,2022-04-06,23.75,23.99,22.43,23.4,2369300
681,2022-04-07,23.36,24.09,22.34,23.11,1704400
682,2022-04-08,22.91,23.27,21.805,21.91,2005700
683,2022-04-11,21.67,22.445,21.11,22.27,2510300
684,2022-04-12,22.87,23.17,21.38,21.39,2044400
685,2022-04-13,21.16,21.29,20.2,20.86,4749400
686,2022-04-14,20.9,21.36,19.36,19.37,2914000
687,2022-04-18,19.18,19.319,18.64,18.81,2539300
688,2022-04-19,18.95,19.67,18.67,19.25,3216900
689,2022-04-20,19.54,19.85,18.17,18.23,2950700
690,2022-04-21,18.42,19.12,16.385,16.41,3519800
691,2022-04-22,16.42,16.94,15.41,15.94,5277700
692,2022-04-25,15.6,16.85,15.24,16.55,4217100
693,2022-04-26,16.54,16.684,15.615,16.25,3486400
694,2022-04-27,16.78,17.58,16.19,16.51,4918900
695,2022-04-28,17.25,17.74,16.032,17.41,5575200
696,2022-04-29,17.24,18.13,16.95,17.27,2604400
697,2022-05-02,16.98,18.26,16.81,17.99,3785500
698,2022-05-03,17.71,19.225,17.71,18.52,2874000
699,2022-05-04,18.52,19.72,18.4,19.62,3208600
700,2022-05-05,19.64,19.89,18.52,18.97,2517600
701,2022-05-06,18.92,18.943,17.51,18.01,2657500
702,2022-05-09,17.36,17.47,15.445,15.77,2953000
703,2022-05-10,16.15,16.36,14.8,15.17,3591600
704,2022-05-11,15.02,15.02,13.18,13.25,4292700
705,2022-05-12,13.01,14.0,12.47,13.66,4533800
706,2022-05-13,14.26,15.82,14.12,15.68,2810300
707,2022-05-16,15.44,16.28,15.24,15.34,2151400
708,2022-05-17,15.99,16.282,15.31,16.24,2305700
709,2022-05-18,16.18,17.71,16.001,16.54,3655900
710,2022-05-19,16.55,17.61,16.54,17.39,3955800
711,2022-05-20,17.73,17.85,16.49,17.29,2172200
712,2022-05-23,17.52,17.85,16.547,17.64,1907900
713,2022-05-24,17.47,17.59,16.33,17.08,2195400
714,2022-05-25,17.15,18.94,16.79,18.77,3089200
715,2022-05-26,18.34,19.12,18.33,18.66,2553100
716,2022-05-27,18.96,20.6,18.96,20.46,1907900
717,2022-05-31,20.36,20.53,19.362,20.0,2573400
718,2022-06-01,20.3,20.61,19.34,19.66,2372700
719,2022-06-02,19.67,21.95,19.54,21.37,2285900
720,2022-06-03,20.94,22.07,20.77,21.38,1934400
721,2022-06-06,24.15,24.35,22.567,22.76,4911200
722,2022-06-07,22.44,23.3,22.24,23.21,1887400
723,2022-06-08,23.23,24.06,22.21,22.44,3054100
724,2022-06-09,22.0,23.37,21.842,22.31,1893700
725,2022-06-10,21.55,21.96,21.09,21.76,2142100
726,2022-06-13,20.71,20.953,18.64,18.98,3047700
727,2022-06-14,19.0,19.47,17.981,18.35,2283300
728,2022-06-15,18.15,19.88,18.07,19.56,3047000
729,2022-06-16,18.62,19.35,17.22,17.55,3187700
730,2022-06-17,18.1,19.89,17.93,19.76,3743200
731,2022-06-21,19.41,20.35,19.01,19.07,2669700
732,2022-06-22,18.44,20.04,18.38,19.23,3037900
733,2022-06-23,19.44,21.65,19.084,21.51,3336700
734,2022-06-24,21.73,21.97,19.58,20.2,5081100
735,2022-06-27,20.59,21.27,20.282,21.09,2843000
736,2022-06-28,21.08,21.18,18.668,18.68,1828900
737,2022-06-29,18.01,18.05,17.055,17.72,2832700
738,2022-06-30,17.4,18.781,17.01,18.43,2512700
739,2022-07-01,18.42,18.83,17.999,18.49,2476300
740,2022-07-05,18.0,19.02,17.02,19.02,3209400
741,2022-07-06,19.24,19.95,18.795,19.22,1576600
742,2022-07-07,19.47,20.91,19.35,20.69,2595100
743,2022-07-08,20.35,21.79,20.03,21.68,2641500
744,2022-07-11,21.54,21.58,19.855,19.94,1514800
745,2022-07-12,20.115,20.23,19.29,20.07,1842400
746,2022-07-13,19.69,20.34,18.98,19.96,1416200
747,2022-07-14,19.72,20.04,18.955,19.86,993600
748,2022-07-15,18.61,19.37,16.515,18.86,6321300
749,2022-07-18,19.37,20.26,19.29,19.73,2560900
750,2022-07-19,19.56,20.31,18.66,20.08,2155900
751,2022-07-20,20.57,21.15,19.78,20.16,3368400
752,2022-07-21,20.11,20.2,18.955,19.64,2278300
753,2022-07-22,19.97,20.68,18.81,19.03,1995300
754,2022-07-25,18.85,19.234,18.36,19.1,1565900
755,2022-07-26,18.88,18.88,18.24,18.31,1797200
756,2022-07-27,18.95,19.54,18.624,19.48,3196500
757,2022-07-28,25.98,27.56,22.42,24.92,15719700
758,2022-07-29,24.9,26.54,24.88,26.02,4173700
759,2022-08-01,25.53,25.66,23.26,24.21,4687700
760,2022-08-02,23.91,25.87,23.91,25.42,3648400
761,2022-08-03,25.32,25.54,23.34,25.29,2705100
762,2022-08-04,25.775,27.46,25.56,27.06,4703600
763,2022-08-05,28.71,28.935,26.42,27.58,5138700
764,2022-08-08,30.15,31.47,27.49,27.58,4890900
765,2022-08-09,26.61,28.1,26.26,27.36,3170700
766,2022-08-10,28.2,29.555,27.923,29.46,2798400
767,2022-08-11,30.18,30.18,27.94,28.06,2227100
768,2022-08-12,28.46,29.4,27.56,29.38,1711900
769,2022-08-15,29.38,29.925,28.17,29.78,2418400
770,2022-08-16,27.485,27.98,26.17,26.34,11512400
771,2022-08-17,25.72,26.06,24.785,25.37,10926300
772,2022-08-18,25.5,26.19,25.14,25.51,5660200
773,2022-08-19,24.81,25.32,24.12,25.13,4102100
774,2022-08-22,24.21,24.765,23.8,24.16,3288800
775,2022-08-23,24.54,25.21,24.11,24.68,1697000
776,2022-08-24,24.94,26.35,24.94,25.83,1877900
777,2022-08-25,26.1,26.295,25.37,26.23,1641500
778,2022-08-26,26.34,26.722,24.565,25.19,1890400
779,2022-08-29,24.61,25.85,24.46,25.1,1433200
780,2022-08-30,25.57,26.09,24.46,24.99,1829400
781,2022-08-31,25.45,25.68,24.41,25.22,1761800
782,2022-09-01,24.83,24.915,23.681,24.33,2171100
783,2022-09-02,24.59,24.7,23.35,23.8,1709100
784,2022-09-06,24.41,25.71,23.82,25.26,2435500
785,2022-09-07,25.46,28.028,25.24,27.64,4283200
786,2022-09-08,27.16,28.469,26.82,27.9,3671800
787,2022-09-09,28.33,28.49,27.05,28.13,1977100
788,2022-09-12,28.365,28.49,27.08,28.19,1638900
789,2022-09-13,26.67,28.84,26.32,27.81,2829600
790,2022-09-14,27.54,29.13,27.0,29.05,2017700
791,2022-09-15,28.345,28.99,27.52,27.68,2140300
792,2022-09-16,27.14,27.73,26.58,27.36,3090300
793,2022-09-19,27.29,28.065,26.96,27.7,5541800
794,2022-09-20,27.62,27.62,26.06,26.43,2211900
795,2022-09-21,26.61,28.02,26.14,26.49,1732700
796,2022-09-22,26.33,26.56,24.628,25.4,3042400
797,2022-09-23,24.57,24.97,23.43,24.73,3162400
798,2022-09-26,24.57,25.48,22.84,23.37,2876400
799,2022-09-27,23.99,25.14,23.94,24.1,2834200
800,2022-09-28,24.12,24.4,22.77,23.87,3152100
801,2022-09-29,23.24,23.87,21.475,22.02,2579800
802,2022-09-30,22.14,22.94,21.865,22.08,1977500
803,2022-10-03,22.54,23.5,21.68,22.93,2078300
804,2022-10-04,23.71,24.58,23.25,23.63,2472400
805,2022-10-05,23.14,23.22,21.78,22.45,3096100
806,2022-10-06,22.3,23.08,21.55,21.79,2273700
807,2022-10-07,21.24,21.605,20.75,20.98,2102500
808,2022-10-10,20.64,20.9,19.99,20.7,2294200
809,2022-10-11,20.15,20.95,19.53,20.64,3304100
810,2022-10-12,20.41,20.48,18.21,18.24,4537200
811,2022-10-13,17.44,18.87,16.93,18.16,5970800
812,2022-10-14,18.6,18.6,16.69,16.78,5452100
813,2022-10-17,17.36,17.91,16.975,17.14,3249000
814,2022-10-18,17.61,18.118,17.0,17.64,4495400
815,2022-10-19,17.58,17.58,15.74,15.9,4911100
816,2022-10-20,15.5,16.32,14.57,15.44,6513400
817,2022-10-21,15.32,16.06,14.82,15.76,6213000
818,2022-10-24,15.76,16.007,14.85,15.67,3384000
819,2022-10-25,15.75,17.425,15.75,17.03,4393100
820,2022-10-26,17.35,17.74,16.85,16.96,5099300
821,2022-10-27,16.6,18.92,16.5,18.67,7361300
822,2022-10-28,18.85,19.04,17.6,17.66,4287700
823,2022-10-31,17.63,18.72,17.45,18.54,2808800
824,2022-11-01,18.79,19.56,18.62,18.7,2719700
825,2022-11-02,18.66,19.415,17.65,17.74,3491000
826,2022-11-03,17.55,20.34,17.55,19.45,4447000
827,2022-11-04,19.79,20.24,17.5,18.6,3179000
828,2022-11-07,18.66,18.66,17.58,18.0,2798400
829,2022-11-08,18.4,19.92,18.3,19.14,3916500
830,2022-11-09,19.04,20.4,19.0,19.24,4492000
831,2022-11-10,21.04,24.82,20.82,23.03,8314800
832,2022-11-11,22.66,23.7,22.135,22.2,4208400
833,2022-11-14,22.28,22.66,20.96,22.03,2685600
834,2022-11-15,23.74,24.21,22.97,23.28,3113100
835,2022-11-16,22.815,23.7,22.56,23.42,1955600
836,2022-11-17,22.58,24.11,21.88,23.79,4206100
837,2022-11-18,24.15,24.15,21.52,22.18,3958000
838,2022-11-21,21.81,22.15,20.67,22.0,2827400
839,2022-11-22,22.14,23.04,21.8,22.48,2415000
840,2022-11-23,22.46,23.27,22.42,23.05,1685300
841,2022-11-25,22.77,23.91,22.76,23.43,913800
842,2022-11-28,23.22,23.53,22.3,22.61,2453500
843,2022-11-29,22.88,22.89,21.29,21.36,2310900
844,2022-11-30,21.57,22.85,21.5,22.83,2377900
845,2022-12-01,22.995,23.25,21.855,21.97,2311000
846,2022-12-02,21.47,23.14,21.4,22.59,2991800
847,2022-12-05,22.355,22.66,21.75,22.04,1740700
848,2022-12-06,21.92,21.92,20.72,21.29,2346600
849,2022-12-07,21.2,21.98,20.75,21.0,1982100
850,2022-12-08,21.18,21.55,20.39,20.4,1706100
851,2022-12-09,20.2,21.03,20.11,20.2,1374100
852,2022-12-12,20.2,21.12,20.13,21.0,1447400
853,2022-12-13,22.22,24.0,21.98,22.51,3090100
854,2022-12-14,22.49,23.76,22.465,23.09,2638200
855,2022-12-15,23.09,23.92,22.23,22.68,2974600
856,2022-12-16,22.06,22.16,20.83,21.45,4840700
857,2022-12-19,21.56,21.56,20.095,20.22,1786900
858,2022-12-20,19.83,20.21,19.27,19.37,3568200
859,2022-12-21,19.53,19.99,18.922,19.73,2465000
860,2022-12-22,19.41,19.67,17.85,18.4,2154500
861,2022-12-23,18.29,18.97,18.07,18.41,1533500
862,2022-12-27,18.26,18.33,17.39,17.67,1873800
863,2022-12-28,17.85,17.85,17.12,17.22,1826400
864,2022-12-29,17.65,18.295,17.44,17.85,2034200
865,2022-12-30,17.54,18.09,17.39,18.01,1650500
866,2023-01-03,18.21,19.06,17.27,17.56,3400100
867,2023-01-04,17.74,18.44,17.67,18.21,1890900
868,2023-01-05,17.995,17.995,16.85,17.1,3542100
869,2023-01-06,17.53,17.94,16.91,17.66,3147300
870,2023-01-09,17.99,18.43,17.4,17.42,4141500
871,2023-01-10,17.48,18.19,16.95,18.01,3840500
872,2023-01-11,18.005,19.59,18.005,19.58,3394100
873,2023-01-12,19.79,20.52,19.345,20.45,2663000
874,2023-01-13,20.24,21.405,20.08,21.25,2232600
875,2023-01-17,21.305,22.16,20.882,21.76,2760500
876,2023-01-18,21.91,22.64,21.37,21.82,2038600
877,2023-01-19,21.2,21.23,18.45,19.06,7152300
878,2023-01-20,19.22,19.57,18.1,19.44,5180300
879,2023-01-23,19.41,21.005,19.07,20.52,3637700
880,2023-01-24,20.24,20.56,19.65,20.15,1586400
881,2023-01-25,19.05,19.17,17.65,18.64,4454800
882,2023-01-26,18.855,18.99,17.584,18.11,3922400
883,2023-01-27,17.99,19.74,17.74,19.21,4018000
884,2023-01-30,18.86,19.588,18.6,18.75,2873200
885,2023-01-31,18.825,19.58,18.69,19.48,2431100
886,2023-02-01,19.26,20.41,18.672,20.08,3322600
887,2023-02-02,20.45,21.04,19.98,20.82,5139600
888,2023-02-03,20.1,20.38,19.13,19.35,3271400
889,2023-02-06,18.96,19.46,18.58,19.07,3392500
890,2023-02-07,18.75,18.95,18.18,18.88,2697700
891,2023-02-08,19.08,19.31,18.04,18.24,3440100
892,2023-02-09,18.355,18.56,17.155,17.25,3093900
893,2023-02-10,17.09,17.44,16.66,17.01,2578100
894,2023-02-13,17.05,17.735,16.52,17.59,2001000
895,2023-02-14,16.98,17.61,16.54,17.53,2772600
896,2023-02-15,17.46,18.5,17.34,18.49,2493200
897,2023-02-16,18.05,18.93,17.74,17.79,2462600
898,2023-02-17,17.61,18.09,17.26,18.03,2395000
899,2023-02-21,17.705,17.766,16.37,16.94,5022100
900,2023-02-22,16.77,17.13,16.34,16.89,4949600
901,2023-02-23,18.28,18.7,16.7,17.53,5152700
902,2023-02-24,16.88,17.04,15.92,16.59,3971200
903,2023-02-27,16.81,17.55,16.62,17.37,2601200
904,2023-02-28,17.25,18.168,17.15,17.78,2385900
905,2023-03-01,17.78,18.41,17.3,17.6,2803800
906,2023-03-02,17.655,17.77,17.03,17.3,3570900
907,2023-03-03,17.4,18.5,17.4,18.24,3030200
908,2023-03-06,18.49,20.26,18.39,19.01,3219100
909,2023-03-07,18.99,19.26,18.23,18.7,3362900
910,2023-03-08,18.71,18.71,17.745,18.18,3140500
911,2023-03-09,18.24,18.76,17.255,17.43,2684100
912,2023-03-10,17.3,17.39,15.27,16.31,7914200
913,2023-03-13,16.33,17.31,15.22,16.82,4499300
914,2023-03-14,17.18,17.89,15.56,16.15,4876800
915,2023-03-15,15.65,15.8,14.37,15.23,6127500
916,2023-03-16,15.0,15.01,14.17,14.7,4510800
917,2023-03-17,14.41,14.46,12.47,12.93,9529400
918,2023-03-20,13.05,13.41,12.46,12.69,8208700
919,2023-03-21,13.36,14.645,13.25,14.43,7695200
920,2023-03-22,14.25,14.35,13.44,13.53,4999500
921,2023-03-23,13.56,14.84,12.825,13.23,4501600
922,2023-03-24,13.14,13.515,12.84,13.17,3398500
923,2023-03-27,13.43,13.69,12.71,13.06,3330100
924,2023-03-28,13.19,13.19,12.585,12.69,4338200
925,2023-03-29,12.985,14.055,12.57,13.92,3960400
926,2023-03-30,14.4,15.3,14.38,14.39,5484600
927,2023-03-31,14.51,15.915,14.51,15.62,4444800
928,2023-04-03,16.57,16.57,15.11,15.48,4214500
929,2023-04-04,15.75,16.135,15.165,15.51,3003700
930,2023-04-05,15.4,15.88,14.33,14.87,2944100
931,2023-04-06,14.87,14.99,14.28,14.74,3959700
932,2023-04-10,14.61,15.585,14.595,15.57,3569300
933,2023-04-11,15.51,16.33,15.27,16.0,4619300
934,2023-04-12,16.36,16.67,15.59,15.61,2998100
935,2023-04-13,15.58,16.57,15.47,16.48,3128500
936,2023-04-14,16.405,16.46,15.22,15.85,3651900
937,2023-04-17,16.06,17.11,16.01,16.55,4276700
938,2023-04-18,16.95,16.95,15.75,16.14,3798400
939,2023-04-19,16.05,16.15,15.53,15.83,2927900
940,2023-04-20,15.59,18.24,15.51,18.15,14189500
941,2023-04-21,18.33,19.33,17.95,18.04,12174500
942,2023-04-24,18.01,19.0,17.68,18.59,5100500
943,2023-04-25,18.4,18.722,17.8,17.84,5554800
944,2023-04-26,16.72,17.36,16.05,16.32,8185700
945,2023-04-27,17.98,18.93,17.7,18.18,9331900
946,2023-04-28,17.975,18.53,17.458,17.96,4853200
947,2023-05-01,17.78,18.095,17.135,17.23,3897800
948,2023-05-02,17.19,17.23,16.17,16.26,3133100
949,2023-05-03,16.23,16.93,16.022,16.34,3398500
950,2023-05-04,16.41,16.56,14.16,15.0,6909100
951,2023-05-05,15.21,15.85,14.689,15.75,4292600
952,2023-05-08,16.065,16.24,15.445,15.46,3447000
953,2023-05-09,15.14,15.53,14.72,15.33,3408000
954,2023-05-10,15.675,16.31,15.4,16.07,3169000
955,2023-05-11,15.92,16.17,15.504,15.99,3389100
956,2023-05-12,16.27,16.95,15.25,15.85,4205900
957,2023-05-15,15.72,16.42,15.44,16.11,3319400
958,2023-05-16,15.98,15.98,15.175,15.27,3654600
959,2023-05-17,15.2,16.07,14.882,15.86,3603900
960,2023-05-18,15.61,15.73,15.09,15.3,2746200
961,2023-05-19,15.53,15.55,13.99,14.34,3939600
962,2023-05-22,14.37,15.6,14.25,15.59,3887700
963,2023-05-23,15.66,16.95,15.66,16.23,5006600
964,2023-05-24,15.85,16.24,15.46,16.14,3478100
965,2023-05-25,16.12,16.37,15.82,16.18,2953200
966,2023-05-26,16.21,16.565,15.53,16.48,2426100
967,2023-05-30,16.75,17.785,16.75,17.68,3177900
968,2023-05-31,17.6,17.77,16.72,17.66,2725900
969,2023-06-01,17.75,18.35,17.51,18.16,4184000
970,2023-06-02,18.54,18.58,17.725,17.91,2861700
971,2023-06-05,17.71,18.3,17.53,17.94,1705500
972,2023-06-06,17.815,18.32,17.52,17.71,2009600
973,2023-06-07,18.17,18.51,17.645,17.9,2819600
974,2023-06-08,17.78,18.06,17.42,17.88,2059400
975,2023-06-09,18.21,18.325,17.48,17.49,1705400
976,2023-06-12,17.4,18.25,17.065,18.24,2076500
977,2023-06-13,18.45,19.15,18.34,18.9,3065600
978,2023-06-14,19.12,19.24,18.29,18.48,3069800
979,2023-06-15,18.25,19.53,18.23,19.52,3387100
980,2023-06-16,19.68,19.79,18.71,18.76,3371300
981,2023-06-20,18.75,19.02,18.08,18.23,2385900
982,2023-06-21,18.145,18.76,17.96,18.62,2044500
983,2023-06-22,18.4,18.755,17.75,18.39,2732100
984,2023-06-23,18.075,18.54,17.987,18.2,4422000
985,2023-06-26,18.3,19.535,18.25,18.75,3109500
986,2023-06-27,18.92,19.22,18.57,19.04,2217000
987,2023-06-28,18.99,19.47,18.715,18.86,1981900
988,2023-06-29,19.01,19.33,17.66,17.74,3463400
989,2023-06-30,18.07,18.615,17.56,18.31,4026600
990,2023-07-03,18.45,18.94,17.995,18.3,1544000
991,2023-07-05,18.13,18.79,17.91,18.46,2958100
992,2023-07-06,18.02,18.04,16.77,16.93,4669400
993,2023-07-07,17.035,18.065,17.035,17.76,2783100
994,2023-07-10,17.66,18.93,17.66,18.78,4021600
995,2023-07-11,18.99,19.87,18.525,19.77,3635400
996,2023-07-12,20.42,21.25,20.4,20.92,5165400
997,2023-07-13,21.2,21.88,21.14,21.66,3760100
998,2023-07-14,21.55,22.0,20.91,21.01,3546500
999,2023-07-17,21.31,23.27,21.02,22.91,5607600
1000,2023-07-18,23.29,24.56,23.0,23.43,6628300
1001,2023-07-19,23.65,24.1,22.8,23.26,4026200
1002,2023-07-20,22.81,22.9,21.825,22.58,3518300
1003,2023-07-21,22.12,22.28,21.16,21.44,4529900
1004,2023-07-24,21.56,21.71,20.92,21.04,2798800
1005,2023-07-25,21.02,21.28,20.7,20.7,1907900
1006,2023-07-26,19.86,20.85,19.77,20.5,5876700
1007,2023-07-27,19.4,19.56,17.495,18.1,14594400
1008,2023-07-28,18.11,18.21,17.305,17.94,5497000
1009,2023-07-31,17.45,18.49,17.45,17.66,3991800
1010,2023-08-01,17.56,18.185,17.48,17.73,4339800
1011,2023-08-02,17.17,17.33,16.535,16.59,4336500
1012,2023-08-03,16.73,17.69,16.455,16.54,6052300
1013,2023-08-04,16.66,16.92,15.6,15.65,3963300
1014,2023-08-07,15.48,15.77,14.94,15.75,5875900
1015,2023-08-08,15.27,15.55,14.96,15.53,4272200
1016,2023-08-09,15.54,16.535,15.41,16.46,3932800
1017,2023-08-10,16.4,16.78,15.545,15.72,3887100
1018,2023-08-11,15.46,15.9,15.355,15.57,3772800
1019,2023-08-14,15.62,16.46,14.83,16.2,6574700
1020,2023-08-15,15.915,15.915,14.89,15.01,5794400
1021,2023-08-16,14.87,15.0,14.24,14.26,5121200
1022,2023-08-17,14.31,14.46,13.5,13.5,5269400
1023,2023-08-18,13.245,13.66,13.105,13.35,4494100
1024,2023-08-21,13.36,13.51,12.72,12.73,4005100
1025,2023-08-22,12.86,13.09,12.635,12.8,5900600
1026,2023-08-23,12.85,13.4,12.68,13.26,4009700
1027,2023-08-24,13.1,13.35,12.565,12.82,3244800
1028,2023-08-25,12.91,13.51,12.785,13.29,3637300
1029,2023-08-28,13.56,13.77,12.76,12.87,2803700
1030,2023-08-29,12.78,14.33,12.6,14.12,4558300
1031,2023-08-30,14.12,14.38,13.7,13.78,2798600
1032,2023-08-31,13.9,14.185,13.765,13.91,2397700
1033,2023-09-01,14.28,14.56,13.85,14.03,2915800
1034,2023-09-05,13.87,14.26,13.59,14.09,3330200
1035,2023-09-06,13.96,14.01,13.47,13.92,2693500
1036,2023-09-07,13.58,13.61,12.885,13.17,3454600
1037,2023-09-08,13.09,13.18,12.82,12.99,3828100
1038,2023-09-11,12.93,13.11,12.545,12.7,2344700
1039,2023-09-12,12.54,13.98,12.53,13.75,4704400
1040,2023-09-13,13.7,13.84,12.93,12.97,3569600
1041,2023-09-14,13.32,13.81,13.15,13.58,4101100
1042,2023-09-15,13.45,13.665,12.74,12.86,4199500
1043,2023-09-18,12.83,12.84,11.77,11.82,6027900
1044,2023-09-19,11.68,12.175,11.57,11.67,4697100
1045,2023-09-20,11.38,12.47,11.34,11.68,6550400
1046,2023-09-21,11.32,11.39,10.78,10.83,5259600
1047,2023-09-22,10.97,11.22,10.65,10.84,4863000
1048,2023-09-25,10.67,11.27,10.615,10.95,3937900
1049,2023-09-26,10.63,11.03,10.54,10.59,4289500
1050,2023-09-27,10.55,11.045,10.509,10.58,4378000
1051,2023-09-28,10.97,11.13,9.87,10.36,9034700
1052,2023-09-29,10.62,10.8,10.16,10.47,6551900
1053,2023-10-02,10.59,10.59,9.63,9.68,5808000
1054,2023-10-03,9.36,9.77,9.25,9.41,5552100
1055,2023-10-04,9.29,9.75,8.58,9.62,9571300
1056,2023-10-05,9.46,9.52,8.75,8.81,5380000
1057,2023-10-06,8.57,9.285,8.35,9.13,8191200
1058,2023-10-09,8.93,9.18,8.355,8.9,5674400
1059,2023-10-10,8.965,10.04,8.91,9.89,8368400
1060,2023-10-11,10.11,10.71,9.93,10.59,6013700
1061,2023-10-12,10.39,10.515,9.97,10.32,4638600
1062,2023-10-13,10.51,10.65,9.965,10.22,5829300
1063,2023-10-16,10.27,10.665,10.01,10.53,6012100
1064,2023-10-17,10.61,11.055,10.22,10.75,6140600
1065,2023-10-18,10.57,10.72,10.111,10.23,4423400
1066,2023-10-19,10.17,10.205,9.13,9.21,8369600
1067,2023-10-20,8.38,8.96,8.17,8.67,9409200
1068,2023-10-23,8.55,9.17,8.255,8.6,6496400
1069,2023-10-24,8.91,9.06,8.51,8.53,6228600
1070,2023-10-25,8.26,8.325,7.615,8.01,9622100
1071,2023-10-26,9.405,9.7,8.685,9.31,14674900
1072,2023-10-27,9.5,9.65,8.42,8.63,9963400
1073,2023-10-30,8.81,9.13,8.29,8.79,5974400
1074,2023-10-31,9.04,9.53,8.93,9.13,7493200
1075,2023-11-01,9.01,9.315,8.6,9.01,5437500
1076,2023-11-02,9.26,10.28,9.26,10.1,9401400
1077,2023-11-03,10.58,11.025,10.265,10.51,7466600
1078,2023-11-06,10.5,10.585,9.84,9.93,4864100
1079,2023-11-07,9.89,10.315,9.65,10.28,4749600
1080,2023-11-08,10.2,10.2,9.59,9.92,3921700
1081,2023-11-09,9.95,10.13,9.435,9.49,4370600
1082,2023-11-10,9.4,9.4,8.27,8.66,5906000
1083,2023-11-13,8.53,8.775,8.21,8.52,3290900
1084,2023-11-14,9.78,10.17,9.475,9.89,11985700
1085,2023-11-15,9.94,11.235,9.94,10.54,8125100
1086,2023-11-16,10.3,10.53,9.865,10.34,4302300
1087,2023-11-17,10.48,10.76,9.9,10.73,5205800
1088,2023-11-20,10.95,11.195,10.51,11.0,4423900
1089,2023-11-21,10.87,11.2,10.45,10.53,2904600
1090,2023-11-22,10.75,10.87,10.36,10.48,2816700
1091,2023-11-24,10.37,10.4,10.085,10.22,1765700
1092,2023-11-27,10.135,10.36,9.94,10.18,3666800
1093,2023-11-28,10.06,11.105,9.93,11.0,5722800
1094,2023-11-29,11.28,12.22,11.28,11.74,4304800
1095,2023-11-30,11.85,12.01,11.3,11.6,4233800
1096,2023-12-01,11.43,12.62,11.25,12.58,7707400
1097,2023-12-04,12.3,13.18,12.095,12.26,7958700
1098,2023-12-05,12.1,12.23,11.78,11.94,4111300
1099,2023-12-06,12.2,12.76,11.96,12.12,4878300
1100,2023-12-07,12.21,12.669,11.965,12.41,3395000
1101,2023-12-08,12.21,12.445,9.56,10.41,14834900
1102,2023-12-11,10.51,10.96,10.005,10.75,5533600
1103,2023-12-12,10.6,10.71,10.06,10.3,4878700
1104,2023-12-13,10.15,11.93,10.065,11.91,6082200
1105,2023-12-14,12.57,14.31,12.57,13.86,14442500
1106,2023-12-15,14.19,14.28,13.42,13.84,8849700
1107,2023-12-18,14.12,14.3,12.9,13.17,7379100
1108,2023-12-19,14.31,15.58,14.01,15.14,10036900
1109,2023-12-20,15.03,15.45,14.16,14.17,5116200
1110,2023-12-21,14.58,15.16,14.44,15.03,3709600
1111,2023-12-22,15.14,15.67,14.912,15.38,4674800
1112,2023-12-26,15.58,15.995,15.28,15.8,3093000
1113,2023-12-27,16.0,16.355,15.74,16.05,3090100
1114,2023-12-28,15.96,16.25,15.7,15.86,2194600
1115,2023-12-29,15.64,15.92,15.25,15.25,2327800
1116,2024-01-02,14.84,15.61,14.62,15.26,3578400
1117,2024-01-03,14.78,14.83,13.73,14.57,4238700
1118,2024-01-04,14.44,14.44,13.56,13.58,3670300
1119,2024-01-05,13.24,13.58,12.72,12.73,4854700
1120,2024-01-08,12.64,13.45,12.49,13.22,4368700
1121,2024-01-09,12.82,13.08,12.57,13.02,3396100
1122,2024-01-10,12.97,13.065,12.43,12.85,4360600
1123,2024-01-11,12.62,12.65,12.07,12.28,4179600
1124,2024-01-12,12.47,12.98,11.835,11.87,4239100
1125,2024-01-16,11.51,11.74,10.46,10.47,7547000
1126,2024-01-17,10.09,10.67,9.89,10.07,6401900
1127,2024-01-18,10.14,10.33,9.8,10.08,5816300
1128,2024-01-19,10.01,10.075,9.29,9.99,8074900
1129,2024-01-22,10.15,11.29,10.01,10.45,7288100
1130,2024-01-23,11.4,11.48,10.47,10.95,8074600
1131,2024-01-24,11.38,11.47,10.1,10.29,5776700
1132,2024-01-25,10.54,10.68,9.86,10.55,6036900
1133,2024-01-26,10.67,10.87,10.18,10.24,3484300
1134,2024-01-29,10.25,10.85,9.96,10.83,5283500
1135,2024-01-30,10.59,10.94,10.28,10.92,5578800
1136,2024-01-31,11.01,11.99,10.49,10.52,8367400
1137,2024-02-01,11.1,11.475,10.27,10.8,7788000
1138,2024-02-02,10.27,10.41,9.68,9.9,8865300
1139,2024-02-05,9.55,9.55,8.74,8.86,7680300
1140,2024-02-06,8.85,9.28,8.57,9.07,7383000
1141,2024-02-07,9.6,10.49,9.12,10.35,10182300
1142,2024-02-08,10.23,11.175,10.23,11.0,6926700
1143,2024-02-09,11.27,11.865,11.12,11.68,5629900
1144,2024-02-12,11.76,12.85,11.633,12.15,8191300
1145,2024-02-13,11.0,11.45,10.57,10.7,7919100
1146,2024-02-14,11.03,11.74,10.71,11.66,4774600
1147,2024-02-15,12.19,12.25,11.35,11.92,5993400
1148,2024-02-16,11.44,11.69,11.15,11.27,3580700
1149,2024-02-20,10.97,11.3,10.72,11.24,3747900
1150,2024-02-21,10.95,11.88,10.81,11.69,8961600
1151,2024-02-22,11.38,11.57,8.5,8.57,22328700
1152,2024-02-23,8.56,8.59,7.29,7.44,20895300
1153,2024-02-26,7.39,8.08,6.76,6.93,16314300
1154,2024-02-27,7.03,7.295,6.8,7.05,15014300
1155,2024-02-28,6.92,7.02,6.495,6.53,9557300
1156,2024-02-29,6.8,7.57,6.73,7.28,12456000
1157,2024-03-01,7.18,7.42,6.98,7.24,6332700
1158,2024-03-04,7.18,7.25,6.79,6.9,6958000
1159,2024-03-05,6.79,6.82,6.14,6.15,12307800
1160,2024-03-06,6.3,6.32,5.781,6.29,10412900
1161,2024-03-07,6.28,6.31,5.625,5.69,13040000
1162,2024-03-08,5.78,5.865,5.32,5.35,14641400
1163,2024-03-11,5.33,5.76,5.23,5.33,11142200
1164,2024-03-12,5.21,5.21,4.81,5.1,16484800
1165,2024-03-13,5.02,5.19,4.62,4.65,13359800
1166,2024-03-14,4.58,4.58,3.8,4.2,20543100
1167,2024-03-15,4.33,4.63,4.33,4.47,14953500
1168,2024-03-18,4.3,4.655,4.21,4.36,6733800
1169,2024-03-19,4.25,4.56,4.24,4.39,5650200
1170,2024-03-20,4.49,4.885,4.35,4.76,9219900
1171,2024-03-21,4.88,5.89,4.808,5.68,25304800
1172,2024-03-22,6.17,6.2,5.35,5.79,24412700
1173,2024-03-25,5.8,6.0,5.32,5.39,9294800
1174,2024-03-26,5.71,6.325,5.51,5.56,14542400
1175,2024-03-27,5.65,6.29,5.42,5.97,13910500
1176,2024-03-28,5.99,6.24,5.9,6.13,9569900
1177,2024-04-01,6.23,6.27,5.54,5.67,7502600
1178,2024-04-02,5.42,5.477,4.83,5.07,10624600
1179,2024-04-03,4.99,5.34,4.89,5.28,7425100
1180,2024-04-04,5.38,5.785,5.1,5.13,8112200
1181,2024-04-05,4.94,5.065,4.685,4.78,10426600
1182,2024-04-08,4.8,5.14,4.59,4.59,6129100
1183,2024-04-09,4.58,5.45,4.58,5.4,13057300
1184,2024-04-10,4.9,5.0,4.57,4.82,10449500
1185,2024-04-11,4.81,4.99,4.37,4.46,8730500
1186,2024-04-12,4.45,4.668,4.165,4.21,9506000
1187,2024-04-15,4.2,4.31,3.95,4.1,7800300
1188,2024-04-16,4.0,4.02,3.77,3.87,9097700
1189,2024-04-17,3.94,4.13,3.87,3.92,6987300
1190,2024-04-18,3.92,4.15,3.74,3.78,7085700
1191,2024-04-19,3.57,4.04,3.52,3.8,10223300
1192,2024-04-22,3.8,3.945,3.635,3.82,6728900
1193,2024-04-23,3.71,4.17,3.71,3.92,7264800
1194,2024-04-24,3.9,4.12,3.765,3.93,4656400
1195,2024-04-25,3.82,3.86,3.58,3.68,7228100
1196,2024-04-26,3.71,4.09,3.64,4.0,7472800
1197,2024-04-29,4.09,4.345,4.04,4.34,6038800
1198,2024-04-30,4.23,4.37,4.125,4.21,9087600
1199,2024-05-01,4.281,4.435,3.37,3.53,25762300
1200,2024-05-02,3.935,4.5,3.75,4.42,18948000
1201,2024-05-03,4.78,5.25,4.68,4.79,15122600
1202,2024-05-06,4.83,4.93,4.59,4.67,6600600
1203,2024-05-07,4.64,4.695,4.41,4.42,4908300
1204,2024-05-08,4.27,4.36,4.02,4.11,5482000
1205,2024-05-09,4.12,4.33,4.03,4.33,5107200
1206,2024-05-10,4.37,4.485,4.02,4.03,4261200
1207,2024-05-13,4.12,4.56,4.1,4.18,6439600
1208,2024-05-14,4.82,5.55,4.74,5.33,16922600
1209,2024-05-15,5.56,5.61,4.56,4.81,10357300
1210,2024-05-16,4.86,4.98,4.51,4.59,5197500
1211,2024-05-17,4.53,4.58,4.175,4.2,5637600
1212,2024-05-20,4.22,4.23,4.05,4.15,4776700
1213,2024-05-21,4.03,4.17,4.01,4.05,5491600
1214,2024-05-22,4.05,4.69,4.02,4.36,7497000
1215,2024-05-23,4.33,4.33,4.06,4.07,5283200
1216,2024-05-24,4.14,4.46,4.12,4.31,5959800
1217,2024-05-28,4.5,4.62,4.3,4.47,4754700
1218,2024-05-29,4.33,4.525,4.264,4.51,3070900
1219,2024-05-30,4.56,5.11,4.53,5.08,7503500
1220,2024-05-31,5.11,5.28,4.86,5.22,7491100
1221,2024-06-03,5.6,5.97,5.525,5.53,9572000
1222,2024-06-04,5.45,5.48,5.13,5.24,4680900
1223,2024-06-05,5.3,5.81,5.12,5.62,7016700
1224,2024-06-06,5.45,5.485,5.075,5.2,6357100
1225,2024-06-07,5.01,5.15,4.86,4.9,5964400
1226,2024-06-10,4.73,5.08,4.681,5.06,3473500
1227,2024-06-11,5.02,5.37,4.85,5.32,5116200
1228,2024-06-12,5.83,6.36,5.355,5.45,10987500
1229,2024-06-13,5.47,5.81,5.19,5.47,6903800
1230,2024-06-14,5.34,5.52,5.245,5.33,5128000
1231,2024-06-17,5.26,5.34,4.99,5.05,3765600
1232,2024-06-18,4.99,5.62,4.955,5.48,5093200
1233,2024-06-20,5.35,5.84,5.17,5.73,8228800
1234,2024-06-21,5.66,6.08,5.5,6.04,9455000
1235,2024-06-24,6.07,6.277,5.62,6.0,8197100
1236,2024-06-25,5.88,5.94,5.37,5.67,8511300
1237,2024-06-26,5.61,5.94,5.581,5.9,4396700
1238,2024-06-27,5.86,6.56,5.68,6.51,8152100
1239,2024-06-28,6.38,6.572,5.5,5.58,11525600
1240,2024-07-01,5.6,5.63,5.135,5.23,6325200
1241,2024-07-02,5.17,5.39,4.99,5.17,7416700
1242,2024-07-03,5.31,5.79,5.2,5.56,4617800
1243,2024-07-05,5.55,5.75,5.45,5.705,1043154
1244,2024-07-08,5.7,6.07,5.6775,5.93,5305173
1245,2024-07-09,5.86,6.195,5.84,6.08,3838069
1246,2024-07-10,6.19,6.31,5.935,6.09,4614812
1247,2024-07-11,6.71,7.25,6.5,7.25,12297576
1248,2024-07-12,7.15,7.75,7.0102,7.68,10185878
1249,2024-07-15,7.04,7.1,6.525,6.92,8909901
1250,2024-07-16,7.0,7.53,6.7312,7.49,7802781
1251,2024-07-17,7.29,7.59,7.09,7.29,7595676
1252,2024-07-18,7.31,7.685,7.16,7.17,7648492
1253,2024-07-19,7.15,7.64,7.05,7.38,7040978
1254,2024-07-22,7.86,7.89,7.11,7.58,7318206
1255,2024-07-23,7.48,8.05,7.38,7.39,8327927
1256,2024-07-24,7.44,7.89,7.255,7.61,7492369
1257,2024-07-25,7.63,8.1,7.47,7.54,6874562
1258,2024-07-26,7.79,8.125,7.68,8.04,7105110
1259,2024-07-29,7.86,8.02,6.915,7.24,9855620
1260,2024-07-30,7.22,7.265,6.7911,7.08,6424436
1261,2024-07-31,7.2,7.625,7.0107,7.07,10210054
1262,2024-08-01,8.375,9.2,7.71,8.3,23176577
1263,2024-08-02,8.12,8.71,7.725,7.99,9139595
1264,2024-08-05,7.0903,7.975,6.915,7.71,8111349
1265,2024-08-06,7.78,7.86,7.02,7.25,5560442
1266,2024-08-07,7.79,8.25,7.305,7.39,8435412
1267,2024-08-08,7.44,7.665,7.18,7.28,4041127
1268,2024-08-09,7.25,7.28,6.66,6.93,6244707
1269,2024-08-12,6.93,6.94,6.51,6.62,4652328
1270,2024-08-13,6.73,7.835,6.59,7.8,5850018
1271,2024-08-14,7.94,7.94,7.5,7.75,4483863
1272,2024-08-15,7.84,8.4,7.7,8.4,6963825
1273,2024-08-16,8.38,8.73,8.25,8.59,6581452
1274,2024-08-19,8.62,9.66,8.62,9.63,8326734
1275,2024-08-20,9.5,9.77,9.39,9.67,4108374
1276,2024-08-21,10.0,10.13,9.635,9.98,3628025
1277,2024-08-22,9.91,10.0,9.565,9.84,3175447
1278,2024-08-23,10.0,11.41,9.91,11.4,6679238
1279,2024-08-26,11.67,11.83,11.25,11.36,5493285
1280,2024-08-27,11.28,11.34,10.63,10.93,4946832
1281,2024-08-28,10.7,11.12,10.6,10.74,2604551
1282,2024-08-29,10.78,10.96,10.516,10.71,2852966
1283,2024-08-30,10.83,11.2,10.64,11.11,4575038
1284,2024-09-03,11.1,11.1,9.73,10.09,5463854
1285,2024-09-04,10.21,11.63,10.09,11.56,4861850
1286,2024-09-05,11.57,11.67,11.1,11.14,3350969
1287,2024-09-06,11.28,11.295,10.315,10.47,4057601
1288,2024-09-09,10.48,10.65,10.2,10.4,3589566
1289,2024-09-10,10.41,10.64,10.12,10.56,2422670
1290,2024-09-11,11.14,11.5,10.82,11.22,5860854
1291,2024-09-12,10.99,11.298,10.59,10.75,2553453
1292,2024-09-13,11.11,11.51,10.6626,11.5,4563381
1293,2024-09-16,11.5,12.08,10.92,11.62,5522410
1294,2024-09-17,11.76,12.285,11.612,12.24,3870457
1295,2024-09-18,12.29,13.0,12.01,12.15,5476837
1296,2024-09-19,12.57,12.57,11.45,11.52,6345300
1297,2024-09-20,11.4,11.535,10.88,11.07,5074231
1298,2024-09-23,11.035,11.035,10.3,10.37,4005734
1299,2024-09-24,10.51,10.79,10.24,10.35,3259978
1300,2024-09-25,10.32,10.47,9.93,9.93,3665680
1301,2024-09-26,10.27,10.92,10.2,10.55,3182807
1302,2024-09-27,10.81,11.07,10.33,10.39,3667904
1303,2024-09-30,10.25,10.43,9.63,9.74,4687357
1304,2024-10-01,9.8,9.89,8.97,9.1,4670530
1305,2024-10-02,8.9,9.03,8.22,8.44,7411477
1306,2024-10-03,8.33,8.46,7.76,7.83,6142621
1307,2024-10-04,7.9,7.9713,7.3,7.44,10313804
1308,2024-10-07,7.29,7.405,6.85,7.01,6955556
1309,2024-10-08,6.83,7.17,6.76,6.94,4703811
1310,2024-10-09,6.78,7.06,6.77,6.87,4203799
1311,2024-10-10,7.44,7.55,6.444,6.5,11084272
1312,2024-10-11,6.45,6.889,6.35,6.57,7364595
1313,2024-10-14,6.5,6.5,6.215,6.33,6907434
1314,2024-10-15,6.26,6.2779,5.95,6.23,6788169
1315,2024-10-16,6.32,6.38,5.92,6.26,6592177
1316,2024-10-17,6.18,6.19,5.78,5.8,6536354
1317,2024-10-18,5.78,5.87,5.475,5.74,12116813
1318,2024-10-21,5.66,5.685,5.21,5.22,8827844
1319,2024-10-22,5.2,5.385,5.145,5.21,5658568
1320,2024-10-23,5.06,5.42,4.9515,5.02,6700480
1321,2024-10-24,5.06,5.275,4.99,5.2,7549074
1322,2024-10-25,5.18,5.475,5.1,5.29,7270005
1323,2024-10-28,5.59,5.85,5.34,5.35,10214300
1324,2024-10-29,5.19,5.33,4.98,5.23,7362709
1325,2024-10-30,5.13,5.488,5.055,5.38,8294038
1326,2024-10-31,5.025,6.19,4.625,6.07,19671027
1327,2024-11-01,6.12,6.2388,5.66,5.73,8257743
1328,2024-11-04,5.82,6.59,5.82,6.55,11792698
1329,2024-11-05,6.35,7.07,6.3423,7.06,9031176
1330,2024-11-06,5.25,5.43,3.25,3.42,55570020
1331,2024-11-07,3.56,3.95,3.44,3.65,22439137
1332,2024-11-08,3.59,3.69,2.99,3.14,23756937
1333,2024-11-11,3.2207,3.56,3.16,3.49,10822870
1334,2024-11-12,3.34,3.4,3.1,3.39,10516966
1335,2024-11-13,3.38,3.65,3.27,3.41,7706453
1336,2024-11-14,3.43,4.4499,3.36,4.03,28196673
1337,2024-11-15,4.07,4.34,3.73,3.75,16945657
1338,2024-11-18,3.7,3.82,3.44,3.65,10011841
1339,2024-11-19,3.65,3.76,3.44,3.44,8823577
1340,2024-11-20,3.54,4.275,3.48,4.23,19536896
1341,2024-11-21,4.21,4.6,4.07,4.37,12921370
1342,2024-11-22,4.42,5.06,4.29,4.9,14342187
1343,2024-11-25,5.08,5.39,4.92,5.34,11716742
1344,2024-11-26,5.2,5.355,4.85,5.34,10266659
1345,2024-11-27,5.42,5.8675,5.3,5.41,9101963
1346,2024-11-29,5.47,5.82,5.37,5.54,5748630
1347,2024-12-02,5.51,5.645,5.1,5.38,8283084
1348,2024-12-03,5.3,5.38,4.84,4.97,8382027
1349,2024-12-04,4.96,5.05,4.65,4.71,7305533
1350,2024-12-05,4.66,4.79,4.13,4.44,13114651
1351,2024-12-06,4.5,4.6383,4.345,4.47,6954009
1352,2024-12-09,4.37,4.8799,4.26,4.49,8245460
1353,2024-12-10,4.48,4.61,4.265,4.29,6747064
1354,2024-12-11,4.3,4.47,4.05,4.26,6856883
1355,2024-12-12,4.21,4.41,4.08,4.09,7054705
1356,2024-12-13,4.05,4.14,3.88,4.02,6867719
1357,2024-12-16,3.99,4.22,3.88,4.0,7978208
1358,2024-12-17,4.2,4.41,3.91,4.2,14910657
1359,2024-12-18,4.14,4.36,3.61,3.62,14630311
1360,2024-12-19,3.74,3.8,3.36,3.37,11427576
1361,2024-12-20,3.33,3.85,3.28,3.7,12606037
1362,2024-12-23,3.58,3.79,3.54,3.77,6141040
1363,2024-12-24,3.73,3.88,3.57,3.77,4002891
1364,2024-12-26,3.7,3.85,3.59,3.67,5878118
1365,2024-12-27,3.63,3.71,3.45,3.49,5992597
1366,2024-12-30,3.43,3.5,3.36,3.42,6681908
1367,2024-12-31,3.48,3.62,3.39,3.43,7878444
1368,2025-01-02,3.5,4.065,3.5,4.0,10240895
1369,2025-01-03,4.05,4.4,3.93,4.26,10113699
1370,2025-01-06,4.4,4.69,4.2115,4.46,9053519
1371,2025-01-07,4.52,4.75,4.4,4.51,7923802
1372,2025-01-08,4.23,4.36,3.85,3.92,7907976
1373,2025-01-10,3.8,3.81,3.36,3.41,9914121
1374,2025-01-13,3.36,3.395,3.07,3.3,9163486
1375,2025-01-14,3.34,3.455,3.13,3.28,7961592
1376,2025-01-15,3.56,3.61,3.15,3.16,9594496
1377,2025-01-16,3.205,3.41,3.14,3.27,6133444
1378,2025-01-17,3.33,3.38,3.14,3.14,7092733
1379,2025-01-21,3.11,3.17,2.99,3.07,8457620
1380,2025-01-22,3.01,3.05,2.9,2.91,7985767
1381,2025-01-23,2.86,3.28,2.64,3.21,18345578
1382,2025-01-24,3.17,3.38,3.09,3.24,9739876
1383,2025-01-27,3.15,3.37,3.09,3.32,7496555
1384,2025-01-28,3.3,3.315,2.87,2.9,11296258
1385,2025-01-29,2.92,3.12,2.68,2.72,16874460
1386,2025-01-30,2.77,2.925,2.66,2.82,9342154
1387,2025-01-31,2.83,2.85,2.55,2.57,14633936
1388,2025-02-03,2.38,2.53,2.3,2.45,9193798
1389,2025-02-04,2.485,2.595,2.32,2.45,8117841
1390,2025-02-05,2.48,2.55,2.38,2.41,7833297
1391,2025-02-06,2.44,2.56,2.4,2.46,6835107
1392,2025-02-07,2.315,2.43,2.21,2.24,12226688
1393,2025-02-10,2.25,2.3491,2.2,2.28,5352213
1394,2025-02-11,2.21,2.22,2.0,2.07,11261290
1395,2025-02-12,2.02,2.119,2.0,2.03,9979704
1396,2025-02-13,2.0,2.025,1.86,1.9,14173192
1397,2025-02-14,1.92,2.0,1.865,1.9,11251381
1398,2025-02-18,1.92,2.07,1.85,2.04,11942080
1399,2025-02-19,2.11,2.2,1.93,2.07,12414726
1400,2025-02-20,2.05,2.1,1.92,2.05,7989283
1401,2025-02-21,2.08,2.14,1.88,1.95,7089400
1402,2025-02-24,1.955,1.98,1.835,1.85,7379244
1403,2025-02-25,1.82,1.9666,1.79,1.86,6607387
1404,2025-02-26,1.88,1.91,1.72,1.74,7339780
1405,2025-02-27,1.74,1.84,1.7,1.72,6307980
1406,2025-02-28,1.72,1.78,1.64,1.66,12232918
1407,2025-03-03,0.6161,0.85,0.48,0.5935,118023745
1408,2025-03-04,0.6988,0.6999,0.65,0.6748,7231670
1409,2025-03-05,0.6828,0.6998,0.535,0.5537,44681297
1410,2025-03-06,0.5551,0.5669,0.48,0.52,38480061
1411,2025-03-07,0.5134,0.5615,0.4915,0.5,24027958
1412,2025-03-10,0.49,0.6569,0.48,0.5091,53231417
1413,2025-03-11,0.4852,0.5526,0.42,0.4251,27932919
1414,2025-03-12,0.4488,0.4488,0.36,0.3672,38131895
1415,2025-03-13,0.262,0.3473,0.25075,0.303,40849545
1416,2025-03-14,0.303,0.325,0.2819,0.316,36585864
1417,2025-03-17,0.3,0.38,0.3,0.3296,27164195
1418,2025-03-18,0.338,0.395,0.3039,0.379,21177132
1419,2025-03-19,0.378,0.4284,0.3645,0.3698,15569506
1420,2025-03-20,0.368,0.553,0.3535,0.53,88479755
1421,2025-03-21,0.5061,0.5061,0.41,0.41,27887880
1422,2025-03-24,0.426,0.4291,0.3493,0.3547,26513047
1423,2025-03-25,0.3561,0.39,0.345,0.3606,22816317
1424,2025-03-26,0.3695,0.3891,0.3245,0.3501,20025216
1425,2025-03-27,0.344,0.3442,0.32,0.3367,11904355
1426,2025-03-28,0.3243,0.3387,0.31,0.3116,9589760
1427,2025-03-31,0.301,0.40625,0.2914,0.372,43185358
1428,2025-04-01,0.355,0.3659,0.3181,0.3298,13374508
1429,2025-04-02,0.339,0.36649,0.3227,0.3548,23025910
1430,2025-04-03,0.3218,0.3463,0.3116,0.3444,18081747
1431,2025-04-04,0.316,0.3285,0.2826,0.3035,11952571
1432,2025-04-07,0.28,0.3112,0.26,0.2934,14247654
1433,2025-04-08,0.309,0.309,0.26,0.2742,7694662
1434,2025-04-09,0.2686,0.3049,0.2525,0.2959,11135370
1435,2025-04-10,0.2875,0.29,0.266,0.2789,4849533
1436,2025-04-11,0.2802,0.2873,0.2655,0.2755,3965341
1437,2025-04-14,0.28,0.2806,0.2413,0.25,9621478
1438,2025-04-15,0.2579,0.2579,0.2255,0.2266,6783253
1439,2025-04-16,0.222,0.2229,0.18,0.1851,11254742
1440,2025-04-17,0.1805,0.19,0.17,0.1755,9536198
1441,2025-04-21,0.1736,0.1828,0.1529,0.1798,8446401
1442,2025-04-22,0.19,0.24,0.1851,0.2277,19314014
1443,2025-04-23,0.244,0.2668,0.2129,0.2133,16173184
1444,2025-04-24,0.2143,0.2378,0.207,0.2103,7011363
1445,2025-04-25,0.2,0.221,0.1943,0.2148,6970859
1446,2025-04-28,0.2161,0.235,0.2093,0.2281,5902957
1447,2025-04-29,0.2227,0.236,0.2182,0.2255,5569503
1448,2025-04-30,0.199,0.1996,0.1814,0.1885,7428217
1449,2025-05-01,0.2,0.2156,0.193,0.1961,6291784
1450,2025-05-02,0.193,0.2052,0.1762,0.1801,7995344
1451,2025-05-05,0.192,0.236,0.1843,0.2126,18693872
1452,2025-05-06,0.219,0.2194,0.1911,0.1982,5600474
1453,2025-05-07,0.2047,0.205,0.1867,0.187,3795170
1454,2025-05-08,0.1951,0.1951,0.1805,0.1932,5557471
1455,2025-05-09,0.186,0.2038,0.186,0.203,6699860
1456,2025-05-12,0.217,0.2372,0.1981,0.2088,11201986
1457,2025-05-13,0.21,0.2258,0.19201,0.2258,8785851
1458,2025-05-14,0.22,0.2244,0.2025,0.2176,6519093
1459,2025-05-15,0.217,0.23,0.2023,0.2185,7669587
1460,2025-05-16,0.2125,0.2227,0.206,0.2166,6591889
1461,2025-05-19,0.2149,0.2178,0.2002,0.2106,5185114
1462,2025-05-20,0.21,0.2186,0.2011,0.2041,3718327
1463,2025-05-21,0.2,0.2057,0.1892,0.1911,4004476
1464,2025-05-22,0.19,0.2,0.1719,0.19,7003244
1465,2025-05-23,0.1801,0.1882,0.174,0.1831,4714555
1466,2025-05-27,0.192,0.20225,0.1796,0.1967,5597898
1467,2025-05-28,0.192,0.222,0.192,0.2175,7492731
1468,2025-05-29,0.19375,0.22,0.1785,0.2135,6175424
1469,2025-05-30,0.2077,0.2317,0.205,0.2174,5677248
1470,2025-06-02,0.201,0.2242,0.1954,0.1984,6236079
1471,2025-06-03,0.1928,0.21,0.1928,0.209,4835264
1472,2025-06-04,0.2064,0.212,0.1969,0.202,4828882
1473,2025-06-05,0.2038,0.211,0.2,0.204,4604367
1474,2025-06-06,0.2,0.223,0.2,0.2202,6850682
